# ************************************************************
# Sequel Pro SQL dump
# Version 5446
#
# https://www.sequelpro.com/
# https://github.com/sequelpro/sequelpro
#
# Host: 127.0.0.1 (MySQL 8.0.18)
# Database: sgc_janvier_2022
# Generation Time: 2022-01-21 03:01:03 +0000
# ************************************************************


/*!40101 SET @OLD_CHARACTER_SET_CLIENT=@@CHARACTER_SET_CLIENT */;
/*!40101 SET @OLD_CHARACTER_SET_RESULTS=@@CHARACTER_SET_RESULTS */;
/*!40101 SET @OLD_COLLATION_CONNECTION=@@COLLATION_CONNECTION */;
/*!40101 SET NAMES utf8 */;
SET NAMES utf8mb4;
/*!40014 SET @OLD_FOREIGN_KEY_CHECKS=@@FOREIGN_KEY_CHECKS, FOREIGN_KEY_CHECKS=0 */;
/*!40101 SET @OLD_SQL_MODE=@@SQL_MODE, SQL_MODE='NO_AUTO_VALUE_ON_ZERO' */;
/*!40111 SET @OLD_SQL_NOTES=@@SQL_NOTES, SQL_NOTES=0 */;


# Dump of table companies
# ------------------------------------------------------------

DROP TABLE IF EXISTS `companies`;

CREATE TABLE `companies` (
  `id` int(11) unsigned NOT NULL AUTO_INCREMENT,
  `ref` varchar(255) CHARACTER SET utf8mb4 COLLATE utf8mb4_general_ci NOT NULL DEFAULT '',
  `name` varchar(255) CHARACTER SET utf8mb4 COLLATE utf8mb4_general_ci NOT NULL DEFAULT '',
  `country` varchar(255) CHARACTER SET utf8mb4 COLLATE utf8mb4_general_ci DEFAULT NULL,
  `created_at` timestamp NOT NULL DEFAULT CURRENT_TIMESTAMP,
  `updated_at` timestamp NOT NULL DEFAULT CURRENT_TIMESTAMP,
  `deleted_at` timestamp NULL DEFAULT NULL,
  PRIMARY KEY (`id`)
) ENGINE=InnoDB AUTO_INCREMENT=263 DEFAULT CHARSET=utf8mb4 COLLATE=utf8mb4_general_ci;

LOCK TABLES `companies` WRITE;
/*!40000 ALTER TABLE `companies` DISABLE KEYS */;

INSERT INTO `companies` (`id`, `ref`, `name`, `country`, `created_at`, `updated_at`, `deleted_at`)
VALUES
	(1,'12410','Lleju Productions',NULL,'2017-12-19 11:38:11','2017-12-19 11:38:11',NULL),
	(2,'6020','Harbor Light Entertainment','US','2017-08-17 04:30:44','2017-08-17 04:30:44',NULL),
	(3,'100783','Vancouver Media','ES','2016-06-23 13:51:12','2016-06-23 13:51:12',NULL),
	(4,'61240','Kappa Undercover Pictures',NULL,'2007-02-12 03:34:31','2007-02-12 03:34:31',NULL),
	(5,'11448','Exclusive Media','US','2020-09-21 13:42:56','2020-09-21 13:42:56',NULL),
	(6,'9018','Crystal City Entertainment',NULL,'2004-09-25 16:27:25','2004-09-25 16:27:25',NULL),
	(7,'61241','Scarlet Fire Entertainment','US','2010-08-19 12:15:32','2010-08-19 12:15:32',NULL),
	(8,'61242','Hope Town Entertainment',NULL,'2014-12-22 22:03:46','2014-12-22 22:03:46',NULL),
	(9,'5','Columbia Pictures','US','2009-07-15 10:41:11','2009-07-15 10:41:11',NULL),
	(10,'84792','2.0 Entertainment','US','2000-10-23 10:13:29','2000-10-23 10:13:29',NULL),
	(11,'10288','Don Simpson/Jerry Bruckheimer Films','US','2016-05-27 09:56:40','2016-05-27 09:56:40',NULL),
	(12,'907','Overbrook Entertainment','US','2005-11-05 19:27:03','2005-11-05 19:27:03',NULL),
	(13,'10146','Focus Features','US','2018-08-17 16:08:07','2018-08-17 16:08:07',NULL),
	(14,'10338','Perfect World Pictures','CN','2021-09-02 05:12:27','2021-09-02 05:12:27',NULL),
	(15,'6196','Carnival Films','GB','2015-10-02 11:53:51','2015-10-02 11:53:51',NULL),
	(16,'2735','Mid Atlantic Films','HU','2013-03-14 07:32:32','2013-03-14 07:32:32',NULL),
	(17,'4403','Stuber Productions',NULL,'2000-06-03 11:17:52','2000-06-03 11:17:52',NULL),
	(18,'20478','Moving Picture Company','GB','2009-02-05 05:19:18','2009-02-05 05:19:18',NULL),
	(19,'20851','H2F Entertainment',NULL,'2006-11-24 20:01:35','2006-11-24 20:01:35',NULL),
	(20,'33','Universal Pictures','US','2020-08-20 00:48:43','2020-08-20 00:48:43',NULL),
	(21,'7295','Relativity Media','US','2021-10-11 02:39:21','2021-10-11 02:39:21',NULL),
	(22,'110680','Viddywell',NULL,'2003-03-05 02:11:26','2003-03-05 02:11:26',NULL),
	(23,'60711','Code Red','US','2008-10-28 09:43:09','2008-10-28 09:43:09',NULL),
	(24,'4','Paramount','US','2016-02-10 16:29:39','2016-02-10 16:29:39',NULL),
	(25,'11461','Bad Robot','US','2005-05-23 22:01:25','2005-05-23 22:01:25',NULL),
	(26,'82819','Skydance Media','US','2019-07-07 02:00:30','2019-07-07 02:00:30',NULL),
	(27,'21777','TC Productions',NULL,'2002-01-14 01:05:15','2002-01-14 01:05:15',NULL),
	(28,'69484','Alibaba Pictures Group','CN','2012-05-23 18:49:32','2012-05-23 18:49:32',NULL),
	(29,'9223','Paramount Television Studios','US','2002-07-25 17:11:24','2002-07-25 17:11:24',NULL),
	(30,'80','The Zanuck Company','US','2009-03-03 13:38:02','2009-03-03 13:38:02',NULL),
	(31,'923','Legendary Pictures','US','2002-01-07 03:10:33','2002-01-07 03:10:33',NULL),
	(32,'3528','Thunder Road','US','2015-08-08 02:00:41','2015-08-08 02:00:41',NULL),
	(33,'174','Warner Bros. Pictures','US','2009-07-13 14:42:22','2009-07-13 14:42:22',NULL),
	(34,'158','Spyglass Entertainment','US','2014-03-01 01:11:53','2014-03-01 01:11:53',NULL),
	(35,'23419','MavroCine Pictures GmbH & Co. KG',NULL,'2014-02-20 04:42:55','2014-02-20 04:42:55',NULL),
	(36,'1423','Escape Artists','US','2016-01-13 01:43:04','2016-01-13 01:43:04',NULL),
	(37,'79','Village Roadshow Pictures','US','2014-08-28 09:13:18','2014-08-28 09:13:18',NULL),
	(38,'34034','LStar Capital','US','2004-03-02 14:49:58','2004-03-02 14:49:58',NULL),
	(39,'79566','Pin High Productions',NULL,'2010-11-21 13:15:17','2010-11-21 13:15:17',NULL),
	(40,'21','Metro-Goldwyn-Mayer','US','2010-02-03 19:25:18','2010-02-03 19:25:18',NULL),
	(41,'4319','40 Acres and a Mule Filmworks','US','2013-08-28 00:42:30','2013-08-28 00:42:30',NULL),
	(42,'23','Imagine Entertainment','US','2002-09-09 12:13:01','2002-09-09 12:13:01',NULL),
	(43,'5388','Sony Pictures Home Entertainment','US','2013-03-21 22:49:25','2013-03-21 22:49:25',NULL),
	(44,'769','Destination Films','US','2019-03-28 20:04:03','2019-03-28 20:04:03',NULL),
	(45,'11413','China Movie Channel','CN','2004-01-06 12:04:16','2004-01-06 12:04:16',NULL),
	(46,'69485','Odin',NULL,'2003-09-14 11:59:44','2003-09-14 11:59:44',NULL),
	(47,'23202','Wigram Productions','US','2002-07-01 22:58:40','2002-07-01 22:58:40',NULL),
	(48,'1302','Davis Entertainment','US','2000-08-17 23:14:45','2000-08-17 23:14:45',NULL),
	(49,'41624','RatPac Entertainment','US','2004-10-06 22:20:54','2004-10-06 22:20:54',NULL),
	(50,'3574','Denver and Delilah Productions','US','2009-11-09 08:41:19','2009-11-09 08:41:19',NULL),
	(51,'159794','Marc Evans Productions','US','2009-07-19 15:59:25','2009-07-19 15:59:25',NULL),
	(52,'4021','The Halcyon Company',NULL,'2014-03-19 02:20:33','2014-03-19 02:20:33',NULL),
	(53,'4022','Wonderland Sound and Vision','US','2010-09-05 21:21:41','2010-09-05 21:21:41',NULL),
	(54,'24712','Boxer Films',NULL,'2004-03-15 08:20:35','2004-03-15 08:20:35',NULL),
	(55,'67580','Alibi Pictures',NULL,'2020-06-12 10:09:57','2020-06-12 10:09:57',NULL),
	(56,'718','Arts Council of England','GB','2018-07-05 05:11:38','2018-07-05 05:11:38',NULL),
	(57,'3153','SUNRISE','JP','2016-01-23 19:19:13','2016-01-23 19:19:13',NULL),
	(58,'6345','Lighthouse Pictures','CA','2011-02-14 09:51:41','2011-02-14 09:51:41',NULL),
	(59,'7036','CJ Entertainment','KR','2015-10-22 12:29:35','2015-10-22 12:29:35',NULL),
	(60,'7270','Opus Pictures','KR','2004-04-06 21:47:36','2004-04-06 21:47:36',NULL),
	(61,'11345','Stillking Films','CZ','2008-02-08 12:35:04','2008-02-08 12:35:04',NULL),
	(62,'21122','SnowPiercer',NULL,'2002-11-11 19:55:04','2002-11-11 19:55:04',NULL),
	(63,'34725','Moho Film','KR','2005-05-10 17:05:01','2005-05-10 17:05:01',NULL),
	(64,'88607','Union Investment Partners','KR','2015-10-26 21:28:15','2015-10-26 21:28:15',NULL),
	(65,'134882','TMS Comics',NULL,'2020-07-08 01:18:13','2020-07-08 01:18:13',NULL),
	(66,'7164','TMS Entertainment','JP','2001-01-19 14:58:01','2001-01-19 14:58:01',NULL),
	(67,'130336','ANIMA','JP','2011-04-19 23:09:17','2011-04-19 23:09:17',NULL),
	(68,'8000','Broken Road Productions','US','2015-02-10 10:36:36','2015-02-10 10:36:36',NULL),
	(69,'127928','20th Century Studios','US','2007-07-15 00:51:07','2007-07-15 00:51:07',NULL),
	(70,'113630','Les Batelières Productions','FR','2020-05-27 06:43:37','2020-05-27 06:43:37',NULL),
	(71,'7131','France Télévisions','FR','2015-08-25 03:39:32','2015-08-25 03:39:32',NULL),
	(72,'32645','Planète+','FR','2005-08-15 22:45:11','2005-08-15 22:45:11',NULL),
	(73,'23601','Embassy Row','US','2017-03-08 02:17:18','2017-03-08 02:17:18',NULL),
	(74,'5645','Talkback Thames','GB','2019-09-10 04:45:36','2019-09-10 04:45:36',NULL),
	(75,'10163','Working Title Films','GB','2005-05-18 05:29:00','2005-05-18 05:29:00',NULL),
	(76,'11845','Wintergreen Productions',NULL,'2008-09-01 09:13:52','2008-09-01 09:13:52',NULL),
	(77,'2531','MRC','US','2013-03-17 11:58:08','2013-03-17 11:58:08',NULL),
	(78,'14358','1821 Pictures',NULL,'2020-06-23 09:22:14','2020-06-23 09:22:14',NULL),
	(79,'2723','Lin Pictures','US','2004-03-16 03:46:33','2004-03-16 03:46:33',NULL),
	(80,'13769','Lynda Obst Productions',NULL,'2007-11-06 23:19:47','2007-11-06 23:19:47',NULL),
	(81,'350','Radar Pictures','US','2002-07-18 14:44:56','2002-07-18 14:44:56',NULL),
	(82,'5374','Marv Films','GB','2003-05-23 04:48:30','2003-05-23 04:48:30',NULL),
	(83,'23420','Vaughn Productions',NULL,'2010-10-18 22:48:06','2010-10-18 22:48:06',NULL),
	(84,'435','Di Bonaventura Pictures','US','2018-01-05 11:38:42','2018-01-05 11:38:42',NULL),
	(85,'290','Ingenious Media','GB','2000-05-11 16:48:04','2000-05-11 16:48:04',NULL),
	(86,'283','Notting Hill Pictures',NULL,'2001-09-03 00:56:12','2001-09-03 00:56:12',NULL),
	(87,'282','Bookshop Productions',NULL,'2020-07-20 06:24:05','2020-07-20 06:24:05',NULL),
	(88,'1382','PolyGram Filmed Entertainment','US','2005-11-27 08:11:47','2005-11-27 08:11:47',NULL),
	(89,'97','Castle Rock Entertainment','US','2021-06-18 20:22:18','2021-06-18 20:22:18',NULL),
	(90,'7747','Storefront Pictures',NULL,'2016-02-28 12:53:08','2016-02-28 12:53:08',NULL),
	(91,'12202','WV Films III',NULL,'2008-11-16 08:22:54','2008-11-16 08:22:54',NULL),
	(92,'83035','22 & Green','US','2012-08-13 11:17:25','2012-08-13 11:17:25',NULL),
	(93,'975','Gerber Pictures','US','2010-02-27 03:14:16','2010-02-27 03:14:16',NULL),
	(94,'83036','Joint Effort','US','2020-08-10 15:20:40','2020-08-10 15:20:40',NULL),
	(95,'171','Malpaso Productions','US','2002-02-08 21:18:01','2002-02-08 21:18:01',NULL),
	(96,'81368','Live Nation Productions','US','2000-06-10 04:10:57','2000-06-10 04:10:57',NULL),
	(97,'4258','Fortis Films','US','2019-01-19 03:08:19','2019-01-19 03:08:19',NULL),
	(98,'172','NPV Entertainment','US','2001-04-15 17:00:55','2001-04-15 17:00:55',NULL),
	(99,'73669','Seven Bucks Productions','US','2017-01-02 16:22:17','2017-01-02 16:22:17',NULL),
	(100,'53462','Matt Tolmach Productions','US','2003-03-28 01:58:16','2003-03-28 01:58:16',NULL),
	(101,'92693','The Detective Agency',NULL,'2006-06-10 22:55:35','2006-06-10 22:55:35',NULL),
	(102,'433','Weed Road Pictures','US','2002-01-22 06:00:29','2002-01-22 06:00:29',NULL),
	(103,'34','Sony Pictures','US','2017-06-22 13:59:29','2017-06-22 13:59:29',NULL),
	(104,'10884','The Department of Trade and Industry of South Africa',NULL,'2021-03-16 06:05:46','2021-03-16 06:05:46',NULL),
	(105,'6687','VIZ Media','US','2001-09-20 02:50:50','2001-09-20 02:50:50',NULL),
	(106,'787','3 Arts Entertainment','US','2003-06-02 02:52:43','2003-06-02 02:52:43',NULL),
	(107,'56','Amblin Entertainment','US','2019-05-07 02:32:54','2019-05-07 02:32:54',NULL),
	(108,'2609','De Line Pictures','US','2018-05-22 08:12:08','2018-05-22 08:12:08',NULL),
	(109,'444','Dune Entertainment','US','2009-11-19 10:49:20','2009-11-19 10:49:20',NULL),
	(110,'11249','Farah Films & Management',NULL,'2010-06-27 01:27:36','2010-06-27 01:27:36',NULL),
	(111,'7294','Reliance Entertainment','IN','2003-11-15 11:07:53','2003-11-15 11:07:53',NULL),
	(112,'10038','Square Enix','JP','2002-07-23 07:14:06','2002-07-23 07:14:06',NULL),
	(113,'3281','GK Films','GB','2001-01-09 18:39:22','2001-01-09 18:39:22',NULL),
	(114,'114152','The Stone Quarry','US','2017-01-02 02:59:57','2017-01-02 02:59:57',NULL),
	(115,'507','Atlas Entertainment','US','2006-04-04 18:10:09','2006-04-04 18:10:09',NULL),
	(116,'103376','Access Entertainment','US','2020-01-23 02:08:52','2020-01-23 02:08:52',NULL),
	(117,'128064','DC Films','US','2018-05-02 19:07:53','2018-05-02 19:07:53',NULL),
	(118,'84764','Venus Castina Productions','US','2017-11-05 12:59:39','2017-11-05 12:59:39',NULL),
	(119,'429','DC Comics','US','2001-05-21 17:46:28','2001-05-21 17:46:28',NULL),
	(120,'430','Lonely Film Productions GmbH & Co. KG.',NULL,'2014-01-13 09:11:10','2014-01-13 09:11:10',NULL),
	(121,'431','The Donners\' Company','US','2000-03-01 11:21:19','2000-03-01 11:21:19',NULL),
	(122,'432','Branded Entertainment/Batfilm Productions',NULL,'2020-11-14 11:01:07','2020-11-14 11:01:07',NULL),
	(123,'434','3 Art Entertainment',NULL,'2005-12-05 00:35:26','2005-12-05 00:35:26',NULL),
	(124,'76907','Atomic Monster','US','2000-02-07 18:44:55','2000-02-07 18:44:55',NULL),
	(125,'62693','RVK Studios','IS','2011-07-10 15:31:02','2011-07-10 15:31:02',NULL),
	(126,'552','Dark Horse Entertainment','US','2011-09-07 05:20:50','2011-09-07 05:20:50',NULL),
	(127,'7938','UCP','US','2004-10-14 12:05:26','2004-10-14 12:05:26',NULL),
	(128,'35504','Chuck Lorre Productions','US','2004-02-14 03:03:47','2004-02-14 03:03:47',NULL),
	(129,'1957','Warner Bros. Television','US','2002-11-21 07:58:25','2002-11-21 07:58:25',NULL),
	(130,'26727','Universal Television','US','2004-07-13 20:58:19','2004-07-13 20:58:19',NULL),
	(131,'25545','Wolf Films','US','2007-11-28 00:41:24','2007-11-28 00:41:24',NULL),
	(132,'12410','Lleju Productions',NULL,'2015-02-05 21:22:29','2015-02-05 21:22:29',NULL),
	(133,'6020','Harbor Light Entertainment','US','2017-06-02 05:16:57','2017-06-02 05:16:57',NULL),
	(134,'100783','Vancouver Media','ES','2016-04-28 22:09:01','2016-04-28 22:09:01',NULL),
	(135,'61240','Kappa Undercover Pictures',NULL,'2000-10-19 03:22:33','2000-10-19 03:22:33',NULL),
	(136,'11448','Exclusive Media','US','2003-09-09 19:34:32','2003-09-09 19:34:32',NULL),
	(137,'9018','Crystal City Entertainment',NULL,'2020-09-20 14:09:08','2020-09-20 14:09:08',NULL),
	(138,'61241','Scarlet Fire Entertainment','US','2000-04-12 04:09:30','2000-04-12 04:09:30',NULL),
	(139,'61242','Hope Town Entertainment',NULL,'2013-06-24 00:08:09','2013-06-24 00:08:09',NULL),
	(140,'5','Columbia Pictures','US','2014-10-19 11:22:47','2014-10-19 11:22:47',NULL),
	(141,'84792','2.0 Entertainment','US','2015-05-26 00:43:37','2015-05-26 00:43:37',NULL),
	(142,'10288','Don Simpson/Jerry Bruckheimer Films','US','2015-12-06 12:00:44','2015-12-06 12:00:44',NULL),
	(143,'907','Overbrook Entertainment','US','2001-03-23 02:27:52','2001-03-23 02:27:52',NULL),
	(144,'10146','Focus Features','US','2020-08-22 12:48:50','2020-08-22 12:48:50',NULL),
	(145,'10338','Perfect World Pictures','CN','2004-09-03 17:04:04','2004-09-03 17:04:04',NULL),
	(146,'6196','Carnival Films','GB','2007-08-04 03:39:33','2007-08-04 03:39:33',NULL),
	(147,'2735','Mid Atlantic Films','HU','2000-05-15 02:39:37','2000-05-15 02:39:37',NULL),
	(148,'4403','Stuber Productions',NULL,'2019-10-11 18:08:06','2019-10-11 18:08:06',NULL),
	(149,'20478','Moving Picture Company','GB','2012-03-21 06:49:43','2012-03-21 06:49:43',NULL),
	(150,'20851','H2F Entertainment',NULL,'2007-10-24 01:58:43','2007-10-24 01:58:43',NULL),
	(151,'33','Universal Pictures','US','2004-10-02 20:47:32','2004-10-02 20:47:32',NULL),
	(152,'7295','Relativity Media','US','2019-01-11 00:03:37','2019-01-11 00:03:37',NULL),
	(153,'110680','Viddywell',NULL,'2015-12-16 12:52:47','2015-12-16 12:52:47',NULL),
	(154,'60711','Code Red','US','2003-03-11 14:21:52','2003-03-11 14:21:52',NULL),
	(155,'4','Paramount','US','2017-08-04 08:21:36','2017-08-04 08:21:36',NULL),
	(156,'11461','Bad Robot','US','2002-06-11 04:25:39','2002-06-11 04:25:39',NULL),
	(157,'82819','Skydance Media','US','2002-03-09 22:10:43','2002-03-09 22:10:43',NULL),
	(158,'21777','TC Productions',NULL,'2016-06-13 18:04:29','2016-06-13 18:04:29',NULL),
	(159,'69484','Alibaba Pictures Group','CN','2000-10-25 14:59:53','2000-10-25 14:59:53',NULL),
	(160,'9223','Paramount Television Studios','US','2001-09-07 11:33:00','2001-09-07 11:33:00',NULL),
	(161,'80','The Zanuck Company','US','2014-10-03 12:06:53','2014-10-03 12:06:53',NULL),
	(162,'923','Legendary Pictures','US','2012-10-04 11:26:49','2012-10-04 11:26:49',NULL),
	(163,'3528','Thunder Road','US','2019-09-09 14:05:50','2019-09-09 14:05:50',NULL),
	(164,'174','Warner Bros. Pictures','US','2014-10-16 22:44:45','2014-10-16 22:44:45',NULL),
	(165,'158','Spyglass Entertainment','US','2006-09-07 11:31:40','2006-09-07 11:31:40',NULL),
	(166,'23419','MavroCine Pictures GmbH & Co. KG',NULL,'2012-12-08 14:11:52','2012-12-08 14:11:52',NULL),
	(167,'1423','Escape Artists','US','2004-09-18 10:59:54','2004-09-18 10:59:54',NULL),
	(168,'79','Village Roadshow Pictures','US','2005-02-15 10:26:26','2005-02-15 10:26:26',NULL),
	(169,'34034','LStar Capital','US','2009-09-05 21:36:27','2009-09-05 21:36:27',NULL),
	(170,'79566','Pin High Productions',NULL,'2001-01-28 01:08:24','2001-01-28 01:08:24',NULL),
	(171,'21','Metro-Goldwyn-Mayer','US','2007-01-01 00:36:46','2007-01-01 00:36:46',NULL),
	(172,'4319','40 Acres and a Mule Filmworks','US','2010-11-06 04:59:01','2010-11-06 04:59:01',NULL),
	(173,'23','Imagine Entertainment','US','2019-04-09 18:47:50','2019-04-09 18:47:50',NULL),
	(174,'5388','Sony Pictures Home Entertainment','US','2005-08-24 01:02:07','2005-08-24 01:02:07',NULL),
	(175,'769','Destination Films','US','2010-12-04 17:32:30','2010-12-04 17:32:30',NULL),
	(176,'11413','China Movie Channel','CN','2008-04-15 04:51:55','2008-04-15 04:51:55',NULL),
	(177,'69485','Odin',NULL,'2006-07-18 18:44:23','2006-07-18 18:44:23',NULL),
	(178,'23202','Wigram Productions','US','2004-06-15 10:51:56','2004-06-15 10:51:56',NULL),
	(179,'1302','Davis Entertainment','US','2008-05-16 23:58:16','2008-05-16 23:58:16',NULL),
	(180,'41624','RatPac Entertainment','US','2021-02-20 21:03:35','2021-02-20 21:03:35',NULL),
	(181,'3574','Denver and Delilah Productions','US','2019-03-05 19:13:19','2019-03-05 19:13:19',NULL),
	(182,'159794','Marc Evans Productions','US','2004-07-16 21:00:40','2004-07-16 21:00:40',NULL),
	(183,'4021','The Halcyon Company',NULL,'2014-06-21 00:31:21','2014-06-21 00:31:21',NULL),
	(184,'4022','Wonderland Sound and Vision','US','2002-04-05 11:07:25','2002-04-05 11:07:25',NULL),
	(185,'24712','Boxer Films',NULL,'2021-06-10 20:27:02','2021-06-10 20:27:02',NULL),
	(186,'67580','Alibi Pictures',NULL,'2006-09-21 23:17:11','2006-09-21 23:17:11',NULL),
	(187,'718','Arts Council of England','GB','2012-03-18 06:12:14','2012-03-18 06:12:14',NULL),
	(188,'3153','SUNRISE','JP','2006-02-25 12:43:02','2006-02-25 12:43:02',NULL),
	(189,'6345','Lighthouse Pictures','CA','2015-01-17 11:14:42','2015-01-17 11:14:42',NULL),
	(190,'7036','CJ Entertainment','KR','2000-03-15 23:54:35','2000-03-15 23:54:35',NULL),
	(191,'7270','Opus Pictures','KR','2009-07-18 16:56:35','2009-07-18 16:56:35',NULL),
	(192,'11345','Stillking Films','CZ','2006-10-26 05:47:10','2006-10-26 05:47:10',NULL),
	(193,'21122','SnowPiercer',NULL,'2012-09-22 21:47:06','2012-09-22 21:47:06',NULL),
	(194,'34725','Moho Film','KR','2015-12-21 18:21:06','2015-12-21 18:21:06',NULL),
	(195,'88607','Union Investment Partners','KR','2018-11-08 05:13:37','2018-11-08 05:13:37',NULL),
	(196,'134882','TMS Comics',NULL,'2007-07-18 22:15:38','2007-07-18 22:15:38',NULL),
	(197,'7164','TMS Entertainment','JP','2003-12-13 18:43:53','2003-12-13 18:43:53',NULL),
	(198,'130336','ANIMA','JP','2006-01-27 06:39:26','2006-01-27 06:39:26',NULL),
	(199,'8000','Broken Road Productions','US','2020-02-06 14:26:17','2020-02-06 14:26:17',NULL),
	(200,'127928','20th Century Studios','US','2006-09-15 04:48:21','2006-09-15 04:48:21',NULL),
	(201,'113630','Les Batelières Productions','FR','2018-04-24 16:45:03','2018-04-24 16:45:03',NULL),
	(202,'7131','France Télévisions','FR','2013-01-11 13:48:14','2013-01-11 13:48:14',NULL),
	(203,'32645','Planète+','FR','2009-12-04 22:02:40','2009-12-04 22:02:40',NULL),
	(204,'23601','Embassy Row','US','2000-01-07 15:52:19','2000-01-07 15:52:19',NULL),
	(205,'5645','Talkback Thames','GB','2017-03-09 18:15:16','2017-03-09 18:15:16',NULL),
	(206,'10163','Working Title Films','GB','2008-05-06 17:34:38','2008-05-06 17:34:38',NULL),
	(207,'11845','Wintergreen Productions',NULL,'2014-12-02 03:38:19','2014-12-02 03:38:19',NULL),
	(208,'2531','MRC','US','2004-03-06 00:47:01','2004-03-06 00:47:01',NULL),
	(209,'14358','1821 Pictures',NULL,'2005-05-25 07:59:38','2005-05-25 07:59:38',NULL),
	(210,'2723','Lin Pictures','US','2004-04-01 11:09:06','2004-04-01 11:09:06',NULL),
	(211,'13769','Lynda Obst Productions',NULL,'2020-10-26 13:38:12','2020-10-26 13:38:12',NULL),
	(212,'350','Radar Pictures','US','2003-03-11 03:01:13','2003-03-11 03:01:13',NULL),
	(213,'5374','Marv Films','GB','2002-05-04 17:33:21','2002-05-04 17:33:21',NULL),
	(214,'23420','Vaughn Productions',NULL,'2004-12-23 15:30:34','2004-12-23 15:30:34',NULL),
	(215,'435','Di Bonaventura Pictures','US','2009-03-21 13:59:04','2009-03-21 13:59:04',NULL),
	(216,'290','Ingenious Media','GB','2011-05-12 16:05:56','2011-05-12 16:05:56',NULL),
	(217,'283','Notting Hill Pictures',NULL,'2000-01-08 12:30:53','2000-01-08 12:30:53',NULL),
	(218,'282','Bookshop Productions',NULL,'2012-09-16 18:04:29','2012-09-16 18:04:29',NULL),
	(219,'1382','PolyGram Filmed Entertainment','US','2006-10-14 08:33:55','2006-10-14 08:33:55',NULL),
	(220,'97','Castle Rock Entertainment','US','2002-09-04 18:48:45','2002-09-04 18:48:45',NULL),
	(221,'7747','Storefront Pictures',NULL,'2009-08-07 19:14:23','2009-08-07 19:14:23',NULL),
	(222,'12202','WV Films III',NULL,'2014-10-28 01:25:29','2014-10-28 01:25:29',NULL),
	(223,'83035','22 & Green','US','2013-03-06 13:57:04','2013-03-06 13:57:04',NULL),
	(224,'975','Gerber Pictures','US','2005-09-11 13:00:31','2005-09-11 13:00:31',NULL),
	(225,'83036','Joint Effort','US','2013-04-05 14:34:53','2013-04-05 14:34:53',NULL),
	(226,'171','Malpaso Productions','US','2009-10-05 10:40:41','2009-10-05 10:40:41',NULL),
	(227,'81368','Live Nation Productions','US','2001-07-28 09:48:51','2001-07-28 09:48:51',NULL),
	(228,'4258','Fortis Films','US','2012-03-12 11:46:51','2012-03-12 11:46:51',NULL),
	(229,'172','NPV Entertainment','US','2007-12-01 00:54:06','2007-12-01 00:54:06',NULL),
	(230,'73669','Seven Bucks Productions','US','2020-11-16 15:32:22','2020-11-16 15:32:22',NULL),
	(231,'53462','Matt Tolmach Productions','US','2015-08-07 22:13:19','2015-08-07 22:13:19',NULL),
	(232,'92693','The Detective Agency',NULL,'2021-12-15 21:04:34','2021-12-15 21:04:34',NULL),
	(233,'433','Weed Road Pictures','US','2003-11-01 03:27:56','2003-11-01 03:27:56',NULL),
	(234,'34','Sony Pictures','US','2003-03-16 09:00:56','2003-03-16 09:00:56',NULL),
	(235,'10884','The Department of Trade and Industry of South Africa',NULL,'2017-09-12 05:11:43','2017-09-12 05:11:43',NULL),
	(236,'6687','VIZ Media','US','2011-02-07 16:23:06','2011-02-07 16:23:06',NULL),
	(237,'787','3 Arts Entertainment','US','2013-02-22 21:53:38','2013-02-22 21:53:38',NULL),
	(238,'56','Amblin Entertainment','US','2021-12-17 13:29:00','2021-12-17 13:29:00',NULL),
	(239,'2609','De Line Pictures','US','2017-11-19 10:50:36','2017-11-19 10:50:36',NULL),
	(240,'444','Dune Entertainment','US','2018-11-25 18:58:19','2018-11-25 18:58:19',NULL),
	(241,'11249','Farah Films & Management',NULL,'2011-04-25 19:17:51','2011-04-25 19:17:51',NULL),
	(242,'7294','Reliance Entertainment','IN','2010-01-06 00:30:35','2010-01-06 00:30:35',NULL),
	(243,'10038','Square Enix','JP','2003-11-13 21:26:41','2003-11-13 21:26:41',NULL),
	(244,'3281','GK Films','GB','2007-06-28 16:31:17','2007-06-28 16:31:17',NULL),
	(245,'114152','The Stone Quarry','US','2006-10-21 20:12:38','2006-10-21 20:12:38',NULL),
	(246,'507','Atlas Entertainment','US','2011-04-27 14:28:59','2011-04-27 14:28:59',NULL),
	(247,'103376','Access Entertainment','US','2009-11-01 19:47:35','2009-11-01 19:47:35',NULL),
	(248,'128064','DC Films','US','2020-03-21 23:09:37','2020-03-21 23:09:37',NULL),
	(249,'84764','Venus Castina Productions','US','2018-08-22 03:18:36','2018-08-22 03:18:36',NULL),
	(250,'429','DC Comics','US','2013-12-15 04:01:50','2013-12-15 04:01:50',NULL),
	(251,'430','Lonely Film Productions GmbH & Co. KG.',NULL,'2000-04-09 14:24:44','2000-04-09 14:24:44',NULL),
	(252,'431','The Donners\' Company','US','2009-12-20 00:50:21','2009-12-20 00:50:21',NULL),
	(253,'432','Branded Entertainment/Batfilm Productions',NULL,'2013-06-01 07:46:27','2013-06-01 07:46:27',NULL),
	(254,'434','3 Art Entertainment',NULL,'2008-04-15 07:49:45','2008-04-15 07:49:45',NULL),
	(255,'76907','Atomic Monster','US','2018-07-25 08:51:08','2018-07-25 08:51:08',NULL),
	(256,'62693','RVK Studios','IS','2012-04-12 08:09:56','2012-04-12 08:09:56',NULL),
	(257,'552','Dark Horse Entertainment','US','2005-10-11 20:10:35','2005-10-11 20:10:35',NULL),
	(258,'7938','UCP','US','2018-03-20 01:15:36','2018-03-20 01:15:36',NULL),
	(259,'35504','Chuck Lorre Productions','US','2001-12-28 23:38:11','2001-12-28 23:38:11',NULL),
	(260,'1957','Warner Bros. Television','US','2006-04-27 21:49:08','2006-04-27 21:49:08',NULL),
	(261,'26727','Universal Television','US','2009-11-19 03:38:41','2009-11-19 03:38:41',NULL),
	(262,'25545','Wolf Films','US','2003-08-14 19:25:41','2003-08-14 19:25:41',NULL);

/*!40000 ALTER TABLE `companies` ENABLE KEYS */;
UNLOCK TABLES;


# Dump of table company_movie
# ------------------------------------------------------------

DROP TABLE IF EXISTS `company_movie`;

CREATE TABLE `company_movie` (
  `id` int(11) unsigned NOT NULL AUTO_INCREMENT,
  `company_id` int(11) unsigned NOT NULL,
  `movie_id` int(11) unsigned NOT NULL,
  PRIMARY KEY (`id`),
  KEY `company_movie_companies` (`company_id`),
  KEY `company_movie_movies` (`movie_id`),
  CONSTRAINT `company_movie_companies` FOREIGN KEY (`company_id`) REFERENCES `companies` (`id`) ON DELETE CASCADE,
  CONSTRAINT `company_movie_movies` FOREIGN KEY (`movie_id`) REFERENCES `movies` (`id`) ON DELETE CASCADE
) ENGINE=InnoDB AUTO_INCREMENT=168 DEFAULT CHARSET=utf8mb4 COLLATE=utf8mb4_general_ci;

LOCK TABLES `company_movie` WRITE;
/*!40000 ALTER TABLE `company_movie` DISABLE KEYS */;

INSERT INTO `company_movie` (`id`, `company_id`, `movie_id`)
VALUES
	(1,1,1),
	(2,2,1),
	(3,3,2),
	(4,4,3),
	(5,5,3),
	(6,6,3),
	(7,7,3),
	(8,8,3),
	(9,9,4),
	(10,10,4),
	(11,11,4),
	(12,12,4),
	(13,13,5),
	(14,14,5),
	(15,15,5),
	(16,16,6),
	(17,17,6),
	(18,18,6),
	(19,19,6),
	(20,20,6),
	(21,21,6),
	(22,22,7),
	(23,23,7),
	(24,24,9),
	(25,25,9),
	(26,26,9),
	(27,27,9),
	(28,28,9),
	(29,29,10),
	(30,30,13),
	(31,31,13),
	(32,32,13),
	(33,18,13),
	(34,33,13),
	(35,24,14),
	(36,34,14),
	(37,25,14),
	(38,35,14),
	(39,36,15),
	(40,9,15),
	(41,37,15),
	(42,38,15),
	(43,39,15),
	(44,40,15),
	(45,41,16),
	(46,42,16),
	(47,20,16),
	(48,43,17),
	(49,44,17),
	(50,24,18),
	(51,45,18),
	(52,25,18),
	(53,27,18),
	(54,28,18),
	(55,46,18),
	(56,26,18),
	(57,47,19),
	(58,48,19),
	(59,49,19),
	(60,33,19),
	(61,26,20),
	(62,50,20),
	(63,51,20),
	(64,9,22),
	(65,52,22),
	(66,53,22),
	(67,33,22),
	(68,54,23),
	(69,55,23),
	(70,56,23),
	(71,57,24),
	(72,58,25),
	(73,59,26),
	(74,60,26),
	(75,61,26),
	(76,62,26),
	(77,63,26),
	(78,64,26),
	(79,65,26),
	(80,66,26),
	(81,67,27),
	(82,68,28),
	(83,69,28),
	(84,70,29),
	(85,71,29),
	(86,72,29),
	(87,73,30),
	(88,74,31),
	(89,75,32),
	(90,76,33),
	(91,77,33),
	(92,78,33),
	(93,79,33),
	(94,80,33),
	(95,33,33),
	(96,81,33),
	(97,24,34),
	(98,82,34),
	(99,83,34),
	(100,84,34),
	(101,85,34),
	(102,86,35),
	(103,75,35),
	(104,87,35),
	(105,88,35),
	(106,20,35),
	(107,89,36),
	(108,90,36),
	(109,37,36),
	(110,91,36),
	(111,33,36),
	(112,32,37),
	(113,92,37),
	(114,93,37),
	(115,94,37),
	(116,95,37),
	(117,33,37),
	(118,96,37),
	(119,33,38),
	(120,97,39),
	(121,89,39),
	(122,37,39),
	(123,98,39),
	(124,9,40),
	(125,99,40),
	(126,100,40),
	(127,101,40),
	(128,77,41),
	(129,42,41),
	(130,102,41),
	(131,9,41),
	(132,103,41),
	(133,104,41),
	(134,49,42),
	(135,37,42),
	(136,105,42),
	(137,106,42),
	(138,33,42),
	(139,107,43),
	(140,108,43),
	(141,33,43),
	(142,109,43),
	(143,110,43),
	(144,111,43),
	(145,37,43),
	(146,112,44),
	(147,113,44),
	(148,40,44),
	(149,33,44),
	(150,33,45),
	(151,114,45),
	(152,115,45),
	(153,116,45),
	(154,109,45),
	(155,117,45),
	(156,33,46),
	(157,37,46),
	(158,118,46),
	(159,37,47),
	(160,119,47),
	(161,120,47),
	(162,121,47),
	(163,122,47),
	(164,102,47),
	(165,123,47),
	(166,84,47),
	(167,33,47);

/*!40000 ALTER TABLE `company_movie` ENABLE KEYS */;
UNLOCK TABLES;


# Dump of table company_show
# ------------------------------------------------------------

DROP TABLE IF EXISTS `company_show`;

CREATE TABLE `company_show` (
  `id` int(11) unsigned NOT NULL AUTO_INCREMENT,
  `company_id` int(11) unsigned NOT NULL,
  `show_id` int(11) unsigned NOT NULL,
  PRIMARY KEY (`id`),
  KEY `company_show_companies` (`company_id`),
  KEY `company_show_shows` (`show_id`),
  CONSTRAINT `company_show_companies` FOREIGN KEY (`company_id`) REFERENCES `companies` (`id`) ON DELETE CASCADE,
  CONSTRAINT `company_show_shows` FOREIGN KEY (`show_id`) REFERENCES `shows` (`id`) ON DELETE CASCADE
) ENGINE=InnoDB AUTO_INCREMENT=9 DEFAULT CHARSET=utf8mb4 COLLATE=utf8mb4_general_ci;

LOCK TABLES `company_show` WRITE;
/*!40000 ALTER TABLE `company_show` DISABLE KEYS */;

INSERT INTO `company_show` (`id`, `company_id`, `show_id`)
VALUES
	(1,124,1),
	(2,125,2),
	(3,126,3),
	(4,127,3),
	(5,128,4),
	(6,129,4),
	(7,130,6),
	(8,131,6);

/*!40000 ALTER TABLE `company_show` ENABLE KEYS */;
UNLOCK TABLES;


# Dump of table episodes
# ------------------------------------------------------------

DROP TABLE IF EXISTS `episodes`;

CREATE TABLE `episodes` (
  `id` int(11) unsigned NOT NULL AUTO_INCREMENT,
  `season_id` int(11) unsigned NOT NULL,
  `ref` varchar(255) CHARACTER SET utf8mb4 COLLATE utf8mb4_general_ci NOT NULL DEFAULT '',
  `title` varchar(255) CHARACTER SET utf8mb4 COLLATE utf8mb4_general_ci DEFAULT '',
  `description` text CHARACTER SET utf8mb4 COLLATE utf8mb4_general_ci,
  `order` int(11) unsigned NOT NULL,
  `score` float(2,1) NOT NULL,
  `released_at` date DEFAULT NULL,
  `created_at` timestamp NOT NULL DEFAULT CURRENT_TIMESTAMP,
  `updated_at` timestamp NOT NULL DEFAULT CURRENT_TIMESTAMP,
  PRIMARY KEY (`id`),
  KEY `episodes_seasons` (`season_id`),
  CONSTRAINT `episodes_seasons` FOREIGN KEY (`season_id`) REFERENCES `seasons` (`id`) ON DELETE CASCADE
) ENGINE=InnoDB AUTO_INCREMENT=475 DEFAULT CHARSET=utf8mb4 COLLATE=utf8mb4_general_ci;

LOCK TABLES `episodes` WRITE;
/*!40000 ALTER TABLE `episodes` DISABLE KEYS */;

INSERT INTO `episodes` (`id`, `season_id`, `ref`, `title`, `description`, `order`, `score`, `released_at`, `created_at`, `updated_at`)
VALUES
	(1,1,'2482934','Épisode 1',NULL,1,7.0,'2022-01-14','2007-05-28 17:50:29','2007-05-28 17:50:29'),
	(2,1,'3418357','Épisode 2',NULL,2,8.0,'2022-01-14','2003-12-18 02:40:22','2003-12-18 02:40:22'),
	(3,1,'3418358','Épisode 3',NULL,3,8.0,'2022-01-14','2002-09-19 19:18:05','2002-09-19 19:18:05'),
	(4,1,'3418360','Épisode 4',NULL,4,9.0,'2022-01-14','2012-09-22 23:11:18','2012-09-22 23:11:18'),
	(5,1,'3418361','Épisode 5',NULL,5,8.0,'2022-01-14','2016-09-15 15:27:46','2016-09-15 15:27:46'),
	(6,1,'3418362','Épisode 6',NULL,6,9.0,'2022-01-14','2001-06-22 21:10:14','2001-06-22 21:10:14'),
	(7,1,'3418364','Épisode 7',NULL,7,0.0,'2022-01-14','2017-06-10 11:26:54','2017-06-10 11:26:54'),
	(8,1,'3418365','Épisode 8',NULL,8,0.0,'2022-01-14','2001-02-20 09:23:43','2001-02-20 09:23:43'),
	(9,2,'2289118','Sous le glacier','Alors que les survivants continuent de faire face aux conséquences de l\'éruption du Katla, une femme recouverte de cendres fait son apparition sur le glacier.',1,7.8,'2021-06-17','2011-09-02 20:33:42','2011-09-02 20:33:42'),
	(10,2,'2964405','Ása','Venue de l\'ombre, une visiteuse surprise mobilise toute l\'attention de Gríma. Alors que la terre gronde sous leurs pieds, Darri et Gunhild entendent l\'appel du Katla.',2,7.8,'2021-06-17','2011-02-23 21:30:46','2011-02-23 21:30:46'),
	(11,2,'2964493','La mère','La cruelle et glaciale réalité de la vie à Vík í Mýrdal touche Gríma de plein fouet. Darri examine en secret une étrange découverte. Gunhild affronte la nouvelle venue.',3,7.8,'2021-06-17','2007-03-01 05:08:44','2007-03-01 05:08:44'),
	(12,2,'2964494','Ce n\'est pas lui','Rêve ou cauchemar ? Troublée, Gríma revient au camp chercher des réponses. Darri se rend à Vík pour des retrouvailles. Bien que tiraillé, Thor se laisse émerveiller.',4,8.2,'2021-06-17','2011-07-12 19:35:19','2011-07-12 19:35:19'),
	(13,2,'2964495','Vents du nord','Une révélation choquante qui aurait dû offrir des réponses ouvre un gouffre de questions. L\'histoire se répète lorsqu\'une tempête de cendres mortelle s\'annonce.',5,8.2,'2021-06-17','2007-09-06 23:54:40','2007-09-06 23:54:40'),
	(14,2,'2964496','Gríma','Gríma essaie de comprendre le grand mystère auquel elle fait face. Rakel change d\'avis, et Gísli reçoit une visite inattendue.',6,7.8,'2021-06-17','2021-03-14 11:13:28','2021-03-14 11:13:28'),
	(15,2,'2964497','D\'un autre système solaire','Les ombres n\'en font parfois qu\'à leur tête. Sur le lieu de l\'accident, Rakel se confie à Gríma. Darri explore la crevasse en quête de réponses.',7,7.8,'2021-06-17','2012-10-01 15:09:35','2012-10-01 15:09:35'),
	(16,2,'2964498','Je suis toi','Qu\'est-ce qui est réel, qu\'est-ce qui ne l\'est pas, et est-ce important ? La vérité éclate, la peur grandit et le mystère menace de tout balayer.',8,7.8,'2021-06-17','2010-10-03 10:09:08','2010-10-03 10:09:08'),
	(17,3,'2396724','The Raincoat Academy avec King Vader','Qu\'est-il arrivé aux enfants qui n\'ont pas été adoptés par Sir Reginald Hargreeves?',1,0.0,'2020-08-18','2011-01-19 16:28:17','2011-01-19 16:28:17'),
	(18,4,'1586641','On ne se voit qu\'aux mariages et aux enterrements','Des années après avoir connu la gloire en tant que jeunes super-héros combattant le crime, les frères et sœurs Hargreeves, en froid, se retrouvent à la mort de leur père.',1,8.3,'2019-02-15','2001-10-19 09:52:26','2001-10-19 09:52:26'),
	(19,4,'1707691','Cours !','Après avoir raconté son histoire de voyage dans le temps à Vanya, Cinq cherche le propriétaire d\'un œil de verre, avec deux mystérieux assassins à ses trousses.',2,8.0,'2019-02-15','2002-12-22 18:09:18','2002-12-22 18:09:18'),
	(20,4,'1707692','Extra ordinaire','Craignant que leur mère ne cache quelque chose, Luther et Allison proposent une réunion de famille. Cha-Cha et Hazel, qui traquent Cinq, ont un coup de chance.',3,7.7,'2019-02-15','2003-02-14 10:09:44','2003-02-14 10:09:44'),
	(21,4,'1707693','L\'homme sur la Lune','L\'histoire de la transformation de Luther est révélée. Au motel, Klaus met les compétences de Hazel et de Cha-Cha à l\'épreuve. Allison soupçonne Leonard.',4,7.9,'2019-02-15','2015-02-18 03:12:09','2015-02-18 03:12:09'),
	(22,4,'1707694','Numéro Cinq','Cinq confie son secret à Luther, Klaus revient d\'un pénible voyage dans le temps, et Vanya commence à se sentir différente sans ses médicaments.',5,8.3,'2019-02-15','2008-12-07 12:04:20','2008-12-07 12:04:20'),
	(23,4,'1707695','Le jour que l\'on attend','Vanya fulmine quand elle découvre ses frères et sa sœur tenant une réunion de famille sans elle. Cinq commence à travailler au QG. Cha-Cha est confrontée à un dilemme.',6,8.5,'2019-02-15','2016-11-06 11:24:36','2016-11-06 11:24:36'),
	(24,4,'1707696','Le jour que l\'on regrette','Revivant la même journée, les frères et sœurs font équipe pour trouver le mystérieux \"Harold Jenkins\". Leonard emmène Vanya dans les bois pour tester ses pouvoirs.',7,8.1,'2019-02-15','2017-06-11 12:58:59','2017-06-11 12:58:59'),
	(25,4,'1707697','J\'ai entendu une rumeur','Tandis que Vanya apprend à contrôler son nouveau pouvoir, Allison accompagne un flic local pour découvrir ce qu\'il s\'est passé devant le restaurant.',8,8.4,'2019-02-15','2010-12-11 07:44:43','2010-12-11 07:44:43'),
	(26,4,'1707698','Changements','Partagée entre sidération et désespoir, Vanya fait une série de découvertes dérangeantes. Un évènement fortuit laisse Cinq désemparé.',9,8.5,'2019-02-15','2016-05-12 02:41:35','2016-05-12 02:41:35'),
	(27,4,'1707699','Le Violon blanc','Alors qu\'une vie entière de secrets et de rancœurs fait imploser l\'Umbrella Academy, les frères et sœurs Hargreeves apprennent que le pire est à venir.',10,8.5,'2019-02-15','2012-05-19 18:55:40','2012-05-19 18:55:40'),
	(28,5,'2344369','Retour à la case départ','Après avoir larguéses frères et soeurs à Dallas à quelques années d\'intervaale, cinq tente de les retrouver pour enrayer une nouvelles menace apocalyptique.',1,8.0,'2020-07-31','2017-05-16 01:31:59','2017-05-16 01:31:59'),
	(29,5,'2344371','Les Frankel','Une altercation au bar mène Luther jusqu\'à Vanya. Cinq fait une découverte troublante en regardant le film de Hazel. La police traque le mari d\'Allison.',2,7.9,'2020-07-31','2016-02-17 16:26:01','2016-02-17 16:26:01'),
	(30,5,'2344372','Les Suèdois','Alors que le sit-in approche, Allison reprend contact avec Klaus, Vanya est poursuivie par les Suèdois jusque dans un champ et Luther apprend une nouvelle désolante.',3,7.8,'2020-07-31','2016-01-11 07:35:14','2016-01-11 07:35:14'),
	(31,5,'2344373','Les douze magnifiques','Tandis qu\'Allison recherche éperdument Ray, Vanya vit un moment de panique à la ferme. Cinq, Diego et Lisa s\'invitent à une fête au consulat du Mexique.',4,7.5,'2020-07-31','2014-03-09 23:14:39','2014-03-09 23:14:39'),
	(32,5,'2344374','Valhalla','Conviés à une réunion d\'urgence, les frères et sœurs échafaudent plusieurs plans très différents pour leurs six derniers jours sur terre. Lila affronte se mère.',5,7.8,'2020-07-31','2004-12-15 09:21:51','2004-12-15 09:21:51'),
	(33,5,'2344375','Un dîner léger','Allison donne un aperçu de ses pouvoirs à Ray, Dave visite le lieu de culte de Klaus, la directrice fait une proposition à cinq et la fratrie dîne avec son père.',6,7.8,'2020-07-31','2005-07-26 06:12:11','2005-07-26 06:12:11'),
	(34,5,'2344376','Öga för öga','Alors que cinq s\'est rendu en 1982 pour accomplir sa  nouvelle mission, les frères et sœurs se heurtent à des décisions difficiles. Carl lance un avertissement à Vanya.',7,8.1,'2020-07-31','2001-07-14 07:26:49','2001-07-14 07:26:49'),
	(35,5,'2344377','Les sept phases','Désespéré, cinq met sur pied un plan risqué pour intercepter une autre version de lui-même. Le FBI torture Vanya. Diego découvre la cause de l\'apocalypse.',8,8.0,'2020-07-31','2000-01-04 23:58:52','2000-01-04 23:58:52'),
	(36,5,'2344378','743','Alors que les deux cinq complotent l\'un contre l\'autre, un membre de la fratrie se sacrifie pour aider Vanya tandis que Lila apprend la vérité sur ses parents.',9,8.2,'2020-07-31','2016-04-03 18:10:53','2016-04-03 18:10:53'),
	(37,5,'2344379','La fin de quelque chose','Éprouvés par les événement de Dealey Plaza, les frères et sœurs se rendent à la ferme pour secourir Harlan et se retrouvent entraînés dans une épreuve de force mortelle.',10,8.2,'2020-07-31','2002-11-04 04:54:32','2002-11-04 04:54:32'),
	(38,7,'64739','Pilote',NULL,1,6.6,'2012-03-05','2000-12-12 15:41:31','2000-12-12 15:41:31'),
	(39,7,'64740','Épisode 2',NULL,2,7.2,'2012-04-05','2017-12-27 07:43:12','2017-12-27 07:43:12'),
	(40,7,'64646','Épisode 3',NULL,3,5.3,'2012-04-05','2021-07-08 16:42:03','2021-07-08 16:42:03'),
	(41,8,'64766','La Nouvelle Voisine des surdoués','Leonard et Sheldon sont à la banque du sperme pour faire des dons mais le remords pousse Sheldon à faire machine arrière... De retour à leur immeuble, ils font la connaissance de Penny, leur nouvelle voisine. D\'abord intimidés par la beauté de cette dernière, ils l\'invitent à partager leur déjeuner. Très vite, c\'est le choc : les deux scientifiques ne connaissent rien aux relations humaines tandis que Penny est extravertie et chaleureuse. Mais, aussi étonnant que cela puisse paraître, ils s\'entendent bien ! Si bien que Penny leur demande un service : récupérer sa télé resté chez son ex...',1,7.2,'2007-09-24','2001-04-27 02:50:47','2001-04-27 02:50:47'),
	(42,8,'64777','Des voisins encombrants','Sheldon et Leonard déposent un paquet chez Penny et découvrent un appartement en désordre. Maniaque du rangement, Sheldon est sous le choc et commence à ranger avant d\'être arrêté par Leonard. Quelques heures plus tard, en pleine nuit, Sheldon retourne chez Penny, endormie, pour terminer le grand nettoyage...',2,7.2,'2007-10-01','2006-01-24 03:25:16','2006-01-24 03:25:16'),
	(43,8,'64765','Le Corollaire de pattes-de-velours','Léonard est déprimé en apprenant que Penny a un rencard. Résultat, encouragé par ses amis et compagnons scientifiques, il maîtrise sa nervosité et appelle une femme pour l\'inviter à sortir avec lui.',3,7.1,'2007-10-08','2006-09-05 17:21:22','2006-09-05 17:21:22'),
	(44,8,'64762','Les Poissons luminescents','Sheldon s\'étant fait renvoyer, il est obligé d\'explorer ce que la vie a à offrir en dehors de la physique. Leonard doit donc prendre des mesures drastiques pour sortir son ami de cette impasse, et appeler Mary, la mère de Sheldon à la rescousse.',4,7.7,'2007-10-15','2005-03-10 16:32:45','2005-03-10 16:32:45'),
	(45,8,'64763','Le Postulat du hamburger','Voyant que ses démarches auprès de Penny ne mènent à rien, Leonard a une aventure d\'un soir avec sa collègue scientifique Leslie Winkle. Cette liaison sans lendemain plonge Léonard et Sheldon dans un monde qui leur est inconnu.',5,7.5,'2007-10-22','2011-01-04 05:29:33','2011-01-04 05:29:33'),
	(46,8,'64764','Les Allumés d\'Halloween','Leonard et Sheldon sont particulièrement nerveux lorsqu\'ils sont invités à une soirée organisée par Penny. Nos quatres génies sont très surpris que ce soit une fête d\'Halloween. Leonard est humilié par l\'ex de Penny tandis que Sheldon, Wolowitz et Koothrappali tentent désespérément de draguer, mais avec un succès limité. Cependant, Koothrappali vit une éxpérience inattendue avec une habituée des réceptions, Cheryl.',6,7.4,'2007-10-29','2012-06-06 06:10:59','2012-06-06 06:10:59'),
	(47,8,'64767','Le Paradoxe du ravioli chinois','Wolowitz séduit l\'amie de Penny et fait l\'amour avec elle dans l\'appartement de Penny. Résultat, Penny va dormir sur le divan de Sheldon et Léonard. Pendant ce temps, les gars se rendent compte qu\'en l\'absence de Wolowitz, il manque une quatrième personne à leur équipe Halo. Penny est donc « recrutée ». Celle-ci se révèle extrêmement douée, ce qui a le don d\'énerver Sheldon.',7,7.7,'2007-11-05','2007-01-27 12:37:18','2007-01-27 12:37:18'),
	(48,8,'64769','L\'Effet sauterelle','Les parents de Koothrappali lui ont trouvé une fiancée. Mais Raj a beaucoup de mal à parler aux femmes. Il découvre finalement le moyen de maîtriser sa peur. C\'est à ce moment que la jeune femme montre de l\'intérêt pour Sheldon.',8,7.2,'2007-11-12','2000-09-24 09:09:32','2000-09-24 09:09:32'),
	(49,8,'64770','La Polarisation Cooper-Hofstadter','Sheldon et Leonard sont invités à une conférence sur la physique afin d\'y présenter leur projet, mais ils se disputent car Sheldon est trop arrogant pour partager les honneurs. Penny fait de son mieux pour les réconcilier, mais cela n\'arrange rien.',9,7.5,'2008-03-17','2021-12-17 02:31:13','2021-12-17 02:31:13'),
	(50,8,'64650','La Descente aux enfers du sujet Loobenfeld','Leonard ment pour éviter d\'aller à son spectacle. Sheldon, quant à lui, prend une longueur d\'avance avec un mensonge encore plus élaboré qui mène à l\'apparition d\'un cousin inexistant.',10,7.3,'2008-03-24','2018-11-17 07:14:25','2018-11-17 07:14:25'),
	(51,8,'64768','Alerte aux microbes','Quand Sheldon tombe malade, Leonard et les autres l\'évitent comme la peste, laissant à Penny le devoir de soigner le plus mauvais patient du monde afin qu\'il recouvre à nouveau à la santé.',11,7.6,'2008-03-31','2004-08-26 13:41:20','2004-08-26 13:41:20'),
	(52,8,'64774','La Dualité de Jérusalem','Lorsque Sheldon et Leonard rencontrent un jeune prodige physicien âgé de 15 ans, Sheldon est paniqué que ce génie est plus jeune et plus futé... Mais, nos deux amis vont réussir à perturber la recherche du jeune prodige.',12,6.9,'2008-04-14','2014-09-06 02:17:04','2014-09-06 02:17:04'),
	(53,8,'64775','La Conjoncture du Batbocal','Nos amis décident de participer au \"Physic\'s Bowl\" de l\'Université. Le seul but de Sheldon étant de prouver sa supériorité mentale, les trois autres décident de l\'évincer et de le remplacer par Leslie Winkle.',13,7.3,'2008-04-21','2020-02-22 05:16:43','2020-02-22 05:16:43'),
	(54,8,'64773','La Machine incroyable','Quand les garçons décident d\'acheter une machine à remonter le temps vue dans un film des années 60, cela créé des problèmes avec Penny qui considère leur obsession pour les comics et les jouets comme pathétique.',14,7.2,'2008-04-28','2014-10-17 18:03:45','2014-10-17 18:03:45'),
	(55,8,'64771','La Sœur jumelle','Quand Leonard, Wolowitz, et Koothrappali tombe sous le charme de Missy, la soeur jumelle de Sheldon, Leonard élabore un plan afin d\'éliminer ses rivaux, il se retranche lorsque Sheldon déclare que c\'est lui qui décidera avec qui sortira sa soeur.',15,7.2,'2008-05-05','2007-11-07 07:52:15','2007-11-07 07:52:15'),
	(56,8,'64772','Réaction !','Quand Penny apprend que Leonard ne fête jamais son anniversaire, elle tente de lui organiser un anniversaire surprise, mais est déroutée lorsque Sheldon se met subitement dans l\'idée de vivre l\'une de ces plus grandes fantaisies dans un magasin d\'électronique',16,7.2,'2008-05-12','2000-04-14 14:01:24','2000-04-14 14:01:24'),
	(57,8,'64776','La Rupture','Penny rompt avec son petit ami. Leonard a donc enfin l\'occasion de demander à sa belle voisine de sortir avec lui. Et, à sa grande surprise, elle accepte ! Avant l\'heure du rendez-vous, Leonard et Penny demandent chacun de leur côté des conseils à celui qui s\'y connaît le moins dans ce secteur : Sheldon !',17,7.5,'2008-05-19','2016-11-02 01:02:04','2016-11-02 01:02:04'),
	(58,9,'64651','Un secret bien gardé','Le premier rendez-vous avec Penny a complètement chamboulé Leonard. De son côté, la belle blonde trouve en Sheldon un confident inattendu...',1,7.6,'2008-09-22','2010-02-13 20:19:38','2010-02-13 20:19:38'),
	(59,9,'64652','Le Flirt de Léonard','Leonard croise Penny avec un nouveau boyfriend, charmant et beau garçon. Il décide alors de renouer avec l\'une de ses ex qui n\'est autre que la pire ennemie de Sheldon, alias Leslie Winkle...',2,7.4,'2008-09-29','2003-01-03 06:31:06','2003-01-03 06:31:06'),
	(60,9,'64653','La Sublimation barbare','Penny devient accro a un jeu sur internet basé sur le monde de Conan le Barbare et demande continuellement des conseils à Sheldon.',3,7.5,'2008-10-06','2007-07-18 12:43:45','2007-07-18 12:43:45'),
	(61,9,'64654','L\'Équivalence du griffon','Plein de confiance après avoir été nommé l\'un des \"30 to Watch Under 30\" dans le magazine People\'s, Raj flirt avec Penny et devient arrogant.',4,7.3,'2008-10-13','2001-12-27 23:03:32','2001-12-27 23:03:32'),
	(62,9,'64655','L\'Alternative d\'Euclide','Tout le monde s\'unit pour forcer Sheldon a apprendre a dépasser sa peur de la conduite en voiture.',5,7.2,'2008-10-20','2019-03-25 23:36:23','2019-03-25 23:36:23'),
	(63,9,'64656','Le Théorème Cooper-Nowitzki','Sheldon et ses amis sont surpris lorsqu\'une jeune étudiante est attirée par lui.',6,7.7,'2008-11-03','2000-05-05 12:05:48','2000-05-05 12:05:48'),
	(64,9,'64657','La Vengeance de Sheldon','Sheldon a établi des règles de savoir-vivre farfelues. À chaque \" faute \" de ses amis, il leur adresse un avertissement. Au bout de trois sur une année, ils sont bannis de son groupe social. Or Penny totalise les trois : elle a envoyé à Sheldon un email humoristique, elle a voulu manger l\'un de ses oignons frits et elle s\'est assise à sa place sur le canapé. Penny trouve ces règles complètement ahurissantes. Sheldon et elle se livrent alors à une bataille sans merci.',7,7.7,'2008-11-10','2006-03-28 21:25:07','2006-03-28 21:25:07'),
	(65,9,'64658','L\'Expansion lézard-Spock','Howard rencontre une fille, Stéphanie. Il pense lui plaire. Mais celle-ci préfère Leonard, avec lequel elle entame un flirt. Howard, qui s\'est fait voler sa conquête, refuse désormais d\'adresser la parole à Leonard...',8,7.0,'2008-11-17','2010-12-27 05:21:53','2010-12-27 05:21:53'),
	(66,9,'64659','La Triangulation des asperges','Leonard poursuit sa liaison avec Stéphanie, une chirurgienne renommée et sexy. Cette relation est tout à fait du goût de Sheldon, car parmi toutes les filles que Leonard a rencontrées, c\'est la seule qu\'il trouve \"tolérable\". Mais, ayant peur que Stéphanie finisse par quitter Leonard, comme d\'autres l\'ont fait auparavant, Sheldon se mêle de leur couple, et commence à empiéter un peu trop sur leur vie privée...',9,7.1,'2008-11-24','2005-11-17 08:07:53','2005-11-17 08:07:53'),
	(67,9,'64660','L\'Énigme Vartabedian','Peu à peu, Stéphanie s\'installe dans l\'appartement de Leonard et Sheldon. Voyant que sa vie amoureuse évolue trop vite, Leonard court demander des conseils à Penny. Par ailleurs, Sheldon, hypocondriaque notoire, a soi-disant une grave maladie. Il harcèle Stéphanie pour qu\'elle l\'ausculte. Celle-ci finit par établir qu\'il a une inflammation du larynx. Ce diagnostic, entièrement falsifié, le fait taire pour un bon bout de temps...',10,6.9,'2008-12-08','2016-09-22 10:57:04','2016-09-22 10:57:04'),
	(68,9,'64661','Les Cadeaux de Noël','Sheldon se voit contraint d\'offrir un cadeau de noël à Penny, ce qu\'il a beaucoup de mal à trouver, tandis qu\'elle tombe sous le charme d\'un collègue de Leonard ce qui a tendance à le rendre jaloux ...',11,8.1,'2008-12-15','2004-11-02 12:20:57','2004-11-02 12:20:57'),
	(69,9,'64662','Le Combat des robots','Penny dit ses quatre vérités à Howard, ce qui le rend triste. Pendant ce temps Leonard, Sheldon et Raj préparent leur robot-tueur pour le grand concours annuel de combat de robot.',12,7.2,'2009-01-12','2018-03-26 10:06:16','2018-03-26 10:06:16'),
	(70,9,'64663','L\'Algorithme de l\'amitié','Cherchant à être ami avec Barry Kripke, pour avoir accès à certains laboratoires, Sheldon développe une théorie pour se faire des amis.',13,7.2,'2009-01-19','2006-02-23 10:59:23','2006-02-23 10:59:23'),
	(71,9,'64664','Petites dettes entre amis','Penny a des soucis financiers. Sheldon lui prête de l\'argent tandis que Léonard va voir l\'ex de Penny, Kurt, qui doit de l\'argent à Penny.',14,7.0,'2009-02-02','2002-11-02 15:16:07','2002-11-02 15:16:07'),
	(72,9,'64665','La Mère de Léonard','Malgré tous ses efforts, Leonard ne peut empêcher sa mère de venir passer quelques jours chez lui. Psychiatre renommée, celle-ci ne va pas tarder à tous les déprimer à coup d\'analyse sur leur enfance, leur comportement étrange... Sauf Sheldon, qui lui, bien au contraire, se régale. En effet, il est l\'exact double de la mère de Leonard. Il la trouve remarquable et brillante... comme lui ! Pendant que ces deux-là passent leur temps ensemble, à mener des expériences et à parler neuroscience, Penny et Leonard noient leur chagrin dans l\'alcool.',15,8.1,'2009-02-09','2005-07-14 14:47:56','2005-07-14 14:47:56'),
	(73,9,'64666','Le Coussin irremplaçable','Alors que toute la bande joue au paint-ball, Leslie, l\'ancienne petite amie de Leonard, séduit Wollowitz. Ils entament une relation amoureuse sérieuse. De retour à l\'appartement, Penny s\'amuse avec l\'un des fusils de paint-ball qui traîne dans le salon. Par mégarde, elle fait une énorme tache de peinture verte sur le canapé, précisément à la place de Sheldon ! Un drame pour celui-ci, qui ne supporte pas de s\'asseoir ailleurs',16,7.1,'2009-03-02','2003-04-04 18:53:51','2003-04-04 18:53:51'),
	(74,9,'64667','Terminator dans le train','Leonard, Sheldon, Wolowitz et Raj rencontrent leur actrice de science-fiction préférée Summer Glau à bord du train qu\'ils empruntent pour San Francisco. Lequel d\'entre eux parviendra à approcher le Terminator Cameron Philipps ?...',17,7.3,'2009-03-09','2021-01-21 23:19:16','2021-01-21 23:19:16'),
	(75,9,'64668','Les Fleurs de Penny','L\'entreprise de vente par correspondance de produits pour cheveux de Penny lui échappe complètement lorsque Sheldon s\'en mêle.',18,7.3,'2009-03-16','2001-09-23 15:03:53','2001-09-23 15:03:53'),
	(76,9,'64669','La Juxtaposition de la prostituée morte','Les voisins de Leonard et Sheldon déménagent, laissant une nouvelle voisine très sexy emménager dans l\'appartement du dessus. Penny devient très rapidement jalouse lorsque les garçons reportent désormais tout leur intérêt sur Alicia...',19,7.3,'2009-03-30','2006-11-25 07:40:59','2006-11-25 07:40:59'),
	(77,9,'64670','Le Bar à filles','Triste de voir Penny s\'intéresser au propriétaire du magasin de comics, Leonard décide de se rendre avec Howard dans un bar à filles.',20,7.4,'2009-04-13','2021-12-02 04:59:53','2021-12-02 04:59:53'),
	(78,9,'64671','Excursion à Vegas','Léonard et Raj\' décident d\'aller faire une virée à Las Vegas avec Howard laissant ainsi Sheldon bloqué hors de l\'appartement. Sans clefs, Sheldon se réfugie chez Penny...',21,7.6,'2009-04-27','2012-07-16 16:51:26','2012-07-16 16:51:26'),
	(79,9,'64672','La Turbulence du matériel confidentiel','Leonard a bien du mal à garder son calme quand un de ses amis, qui tient une boutique de Comics, commence à lui demander des conseils sur sa toute nouvelle relation avec Penny. De son côté, Wolowitz a été choisi par la NASA pour équiper leur navettes spatiales de toilettes high-tech.',22,7.3,'2009-05-04','2007-10-18 06:20:07','2007-10-18 06:20:07'),
	(80,9,'64673','L\'Expédition monopolaire','Sheldon reçoit une proposition pour mener une expédition, pendant tout l\'été, au pôle Nord. D\'abord hésitant, il finit par accepter. Ses amis se réjouissent de le voir partir pour trois mois. Mais Sheldon décide de les inclure au projet, et leur propose de l\'accompagner. Ils ne peuvent refuser. Leonard et Penny font le point sur leurs sentiments avant que celui-ci ne parte pour trois mois, mais celui-ci est déçu que Penny ne semble pas triste de son départ...',23,7.5,'2009-05-11','2016-07-11 02:30:07','2016-07-11 02:30:07'),
	(81,10,'64674','La Fluctuation de l\'ouvre-boîte électrique','Sheldon rentre au Texas en disgrâce quand il apprend que ses camarades ont altéré les données de son expédition dans l\'Arctique...',1,7.5,'2009-09-21','2021-11-09 13:45:08','2021-11-09 13:45:08'),
	(82,10,'64675','Le Grillon des champs','La première nuit de Leonard et Penny ne se déroule pas réellement comme ils l\'imaginaient. Sheldon et Howard sont en désaccord sur la nature d\'un criquet et décident de parier les comics auxquels ils tiennent le plus.',2,7.2,'2009-09-28','2011-08-06 15:44:40','2011-08-06 15:44:40'),
	(83,10,'64676','La Déviation Gothowitz','Sheldon tente de faire retrouver à Penny sa bonne humeur avec des chocolats afin qu\'elle soit plus gentille envers lui. Raj et Howard décident de s\'habiller façon «gothique» afin d\'aller draguer dans un night club...',3,7.2,'2009-10-05','2008-10-21 02:43:12','2008-10-21 02:43:12'),
	(84,10,'64677','La Solution pirate','Raj apprend qu\'il sera renvoyé en Inde s\'il ne trouve pas du travail rapidement. Sheldon lui propose alors de travailler pour lui.',4,7.1,'2009-10-12','2002-04-25 09:13:34','2002-04-25 09:13:34'),
	(85,10,'64678','Le Tournoi de cartes','Wolowitz utilise un pacte qu\'il avait fait avec Leonard des années auparavant pour l\'obliger à demander à Penny de lui présenter une des ses amies. Sheldon, quant à lui, compte bien se venger d\'une rancoeur lointaine au cours d\'un tournoi de cartes.',5,7.3,'2009-10-19','2011-02-01 07:48:09','2011-02-01 07:48:09'),
	(86,10,'64679','Le Vortex du Nebraska','Afin de mieux s\'intégrer parmi le cercle d\'amis de Penny, Leonard décide de s\'intéresser au football. De l\'autre côté, Raj reproche à Howard son attitude lors de leur combat de cerf-volant...',6,6.6,'2009-11-02','2002-09-08 18:22:09','2002-09-08 18:22:09'),
	(87,10,'64680','Disputes insupportables','Penny et Leonard ont une grosse dispute concernant un ami guitariste venant dormir chez la blonde, Sheldon se retrouve alors à devoir les faire se réconcilier...',7,7.2,'2009-11-09','2018-08-16 14:03:27','2018-08-16 14:03:27'),
	(88,10,'64681','Bras cassé et Voie lactée','Leonard, Raj et Howard partent faire du camping nocturne afin d\'observer une pluie de météorites. Là, deux hippies leur proposent des cookies. Mais ceux-ci contiennent une substance un peu spéciale. Leonard, Raj et Howard passent leur nuit à divaguer, à rire bêtement, et passent finalement à côté de l\'événement astronomique pour lequel ils étaient venus. De son côté, Sheldon se voit obligé de s\'occuper de Penny qui vient de se déboîter l\'épaule alors qu\'elle prenait un bain...',8,8.1,'2009-11-16','2018-11-21 19:23:56','2018-11-21 19:23:56'),
	(89,10,'64682','La Formule de la vengeance','Sheldon annonce fièrement à ses amis qu\'il va être interviewé par la radio nationale afin de parler de ses recherches. Mais, lorsque Kripke, un scientifique qui le déteste, lui tend un piège et le ridiculise, Sheldon refuse de sortir de sa chambre, humilié. Leonard lui propose alors de se venger. De son côté, Howard, qui en est à son troisième rencard avec Bernadette, ne sait pas s\'il tient à s\'engager dans une relation sérieuse avec elle.',9,7.5,'2009-11-23','2012-09-11 13:28:56','2012-09-11 13:28:56'),
	(90,10,'64683','La Physique pour les nulles','Leonard ignore les conséquences que vont avoir son invitation lorsqu\'il demande à Bernadette si elle souhaite assister à une de ses expériences. Wolowitz devient fou de jalousie et Penny, se sentant mise à l\'écart, demande à Sheldon de lui enseigner les bases de la physique afin de pouvoir s\'intéresser un minimum au travail de Leonard.',10,7.7,'2009-12-07','2008-06-16 07:16:56','2008-06-16 07:16:56'),
	(91,10,'64684','La Congruence maternelle','C\'est la période de Noël et Sheldon est excité à l\'annonce de la venue de Beverly, la mère de Leonard. Ce dernier découvre que sa maman lui cache bien des choses, mais que Sheldon, lui, a l\'air parfaitement au courant ! Elle est en plein divorce, le chien de Leonard est mort, son frère s\'est fiancé... Pendant que Leonard rumine, Penny emmène Beverly boire des verres au pub du quartier afin de lui faire oublier ses malheurs.',11,7.7,'2009-12-14','2020-11-02 11:14:25','2020-11-02 11:14:25'),
	(92,10,'64685','La Voyante','Sheldon et Koothrappali se rendent à une fête et font la connaissance de deux filles. De son côté, Leonard est choqué d\'apprendre que Penny croit aux médiums.',12,7.4,'2010-01-11','2013-08-03 18:14:19','2013-08-03 18:14:19'),
	(93,10,'64691','Exode dans le Montana','Après le cambriolage de leur appartement, Léonard et Sheldon se tournent vers leurs amis pour mettre au point un système de sécurité ultra moderne.',13,7.3,'2010-01-18','2012-06-15 02:32:21','2012-06-15 02:32:21'),
	(94,10,'64686','La Relativité restreinte','La recherche d\'une réponse à un problème de physique mène Sheldon à travailler au Cheesecake Factory avec Penny...',14,7.7,'2010-02-01','2021-06-10 02:03:28','2021-06-10 02:03:28'),
	(95,10,'64687','Le Grand Collisionneur','Leonard ne peut inviter qu\'une seule personne en Suisse pour visiter l\'accélérateur de particules du CERN (le plus grand accélérateur de particules au monde), alors que c\'est la Saint-Valentin...',15,7.6,'2010-02-08','2021-08-20 21:49:20','2021-08-20 21:49:20'),
	(96,10,'64692','La Rencontre avec le grand Stan','Evénement au magasin de comics : Stan Lee vient faire une séance de dédicaces ! Les garçons sont surexcités. Mais Sheldon manque cette occasion unique de rencontrer Stan Lee car il est convoqué au tribunal pour avoir roulé trop vite le soir où il a emmené Penny, avec sa voiture, d\'urgence à l\'hôpital. En fait, c\'est Penny qui l\'a dénoncé car elle n\'a plus de point sur son permis. Pendant que Leonard, Howard et Raj vont voir Stan Lee, Penny accompagne Sheldon au tribunal...',16,7.6,'2010-03-01','2013-05-28 01:19:29','2013-05-28 01:19:29'),
	(97,10,'64693','Le Fameux Anneau','À l\'occasion d\'un vide grenier, les garçons trouvent un anneau ayant servi lors du tournage du film « Le Seigneur des anneaux ». Ils ne cessent de se disputer pour savoir auquel d\'entre eux le précieux objet appartient. En attendant, ils le confient à Penny...',17,7.8,'2010-03-08','2000-09-27 12:48:37','2000-09-27 12:48:37'),
	(98,10,'64695','Le Prix scientifique','Les amis de Sheldon viennent à son secours lorsque sa peur de prise de parole en public se dresse entre lui et une récompense convoitée...',18,7.6,'2010-03-22','2021-07-04 12:57:28','2021-07-04 12:57:28'),
	(99,10,'64688','La Récurrence de Wheaton','Une dispute entre Leonard et Penny menace leur relation, tandis que Sheldon affronte Wil Wheaton dans une partie de bowling...',19,7.0,'2010-04-12','2011-06-04 10:46:25','2011-06-04 10:46:25'),
	(100,10,'64694','Les Spaghetti de la réconciliation','Quand Léonard et Penny refusent de se parler, Sheldon pousse à l\'extrême pour que le couple reste intact...',20,7.5,'2010-05-03','2001-08-24 14:33:13','2001-08-24 14:33:13'),
	(101,10,'64696','L\'Éminente mademoiselle Plimpton','Sheldon décide de rendre service en hébergeant le Dr Elizabeth Plimpton, une physicienne célèbre. Entourée de tous ces jeunes hommes, elle dévoilera une facette surprenante de sa personnalité...',21,7.3,'2010-05-10','2007-02-11 02:04:51','2007-02-11 02:04:51'),
	(102,10,'64689','La Saga de l\'escalier','Leonard et Sheldon se disputent au sujet d\'un thermostat. Peu de temps après, Leonard se rend chez Penny et lui raconte comment il a rencontré Sheldon...',22,8.3,'2010-05-17','2000-03-26 05:53:59','2000-03-26 05:53:59'),
	(103,10,'64690','Un laser sur la Lune','Penny et Leonard passent une folle nuit, que Leonard s\'empresse d\'interpréter comme étant autre chose qu\'une regrettable erreur : la méprise est flagrante...',23,7.4,'2010-05-24','2000-12-23 10:44:27','2000-12-23 10:44:27'),
	(104,11,'64697','Le Robot à tout faire !','Howard utilise une arme robotique pour son propre plaisir. Penny donne des conseils à Sheldon afin que son premier rendez-vous se passe au mieux...',1,7.5,'2010-09-23','2000-04-27 18:07:49','2000-04-27 18:07:49'),
	(105,11,'64698','L\'Amplification de légumes crucifères','Sheldon prend conscience qu\'il ne vivra pas assez longtemps pour mettre au point le transfert de son esprit dans un robot. Il tente d\'augmenter son espérance de vie...',2,7.6,'2010-09-30','2015-08-12 17:11:26','2015-08-12 17:11:26'),
	(106,11,'64699','Un amour de substitution','Sheldon essaie de se trouver un petit compagnon. Ses amis s\'en inquiètent et décident d\'en informer sa mère afin qu\'elle prenne des mesures...',3,7.2,'2010-10-07','2012-12-15 17:35:17','2012-12-15 17:35:17'),
	(107,11,'64700','La Troll dévergondée','Howard Wolowitz tente d\'obtenir l\'aide de Penny, Katee Sackhoff et George Takei, afin que tout ce petit monde puisse rentrer ensemble, avec Bernadette...',4,7.4,'2010-10-14','2015-03-19 08:47:14','2015-03-19 08:47:14'),
	(108,11,'64701','La Solitude de Léonard','Léonard demande des conseils à Bernadette et à Howard car il est le seul du groupe à ne pas avoir de petite amie : il se sent décidément bien seul...',5,7.0,'2010-10-21','2015-05-08 11:38:15','2015-05-08 11:38:15'),
	(109,11,'64702','La Formule du pub irlandais','Léonard veut tout faire que personne ne sache, et surtout pas Rajesh, qu\'il a passé la nuit avec la soeur de celui-ci : Sheldon lui donne un petit coup de main...',6,7.1,'2010-10-28','2000-09-22 16:17:51','2000-09-22 16:17:51'),
	(110,11,'64703','L\'Insuffisante Excuse','Sheldon doit répondre à des questions posées par le FBI et met la sécurité de la société en danger, sans bien se rendre compte de ce qu\'il fait...',7,7.2,'2010-11-04','2016-03-28 08:30:48','2016-03-28 08:30:48'),
	(111,11,'64704','Les Vingt et une Secondes d\'excitation !','Les garçons campent toute la nuit dans l\'espoir de voir un nouveau film qui devrait recueillir un grand succès : leur attente pourrait ne pas être couronnée de succès...',8,7.5,'2010-11-11','2013-12-20 12:30:06','2013-12-20 12:30:06'),
	(112,11,'64705','Le Complexe du petit-ami','Penny demande à Leonard de mentir à son père. Pendant ce temps, Howard, Raj et Bernadette passent une bien étrange nuit, pleine de rebondissements...',9,7.7,'2010-11-18','2013-05-03 00:58:35','2013-05-03 00:58:35'),
	(113,11,'64706','Zack & Amy ?','Amy se sent très attirée par l\'ex-petit ami de Penny. Koothrappali et Wolowitz rivalisent pour savoir qui des deux ferait le meilleur super héros...',10,7.2,'2010-12-09','2019-07-27 16:49:30','2019-07-27 16:49:30'),
	(114,11,'64707','La Ligue des justiciers remaniée','Les garçons trouvent une manière ingénieuse d\'employer le nouveau petit ami de Penny, Zack, en participant à un concours de costumes sur les héros de comics...',11,7.6,'2010-12-16','2011-10-23 10:44:31','2011-10-23 10:44:31'),
	(115,11,'64708','L\'Usage du pantalon de bus','Léonard a eu l\'idée d\'une nouvelle application destinée aux smartphones. Il ne se doute pas que son invention va mettre à mal son amitié avec Sheldon...',12,7.1,'2011-01-06','2018-10-08 13:00:23','2018-10-08 13:00:23'),
	(116,11,'64709','L’Amour de la voiture en déplacement','La tension est à son comble. En effet, toute l\'équipe se retrouve à une convention scientifique qui se déroule pendant le week-end...',13,7.3,'2011-01-20','2009-11-25 11:06:12','2009-11-25 11:06:12'),
	(117,11,'64710','Le Catalyseur dramatique','Pour améliorer ses talents d\'instructeur, Sheldon demande à Penny de lui donner des cours de comédie. Pendant ce temps, Raj se met à fantasmer sur Bernadette...',14,7.2,'2011-02-03','2000-05-24 11:11:47','2000-05-24 11:11:47'),
	(118,11,'64711','Le Facteur bienfaisant','Pour assurer l\'avenir de leur école, Sheldon demande à Leonard de devenir l\'ami d\'un bienfaiteur potentiel, qui pourra faire de généreux dons...',15,7.1,'2011-02-10','2010-02-03 07:19:18','2010-02-03 07:19:18'),
	(119,11,'64712','La Formule de cohabitation','Bernadette demande instamment à Leonard de choisir entre sa mère et elle. Penny, de son côté, n’apprécie guère que Leonard revoie la soeur de Raj...',16,7.1,'2011-02-17','2008-09-08 15:12:54','2008-09-08 15:12:54'),
	(120,11,'64713','Le Calcul des toasts','Sheldon est inquiet : il vient de comprendre, lors d\'une discussion à l\'appartement de Raj, que Leonard et le véritable centre d\'intérêt de tous ses amis...',17,7.3,'2011-02-24','2016-09-16 06:12:34','2016-09-16 06:12:34'),
	(121,11,'64714','La Prestidigitation approximative','Priya demande à Leonard de choisir entre une relation avec elle ou son amitié avec Penny. Leonard se sent pris au piège et ne sait que répondre...',18,7.1,'2011-03-10','2005-04-24 11:22:56','2005-04-24 11:22:56'),
	(122,11,'64640','L’Incursion Zarnecki','Tout le monde est sur le pont pour aider Sheldon à découvrir qui a piraté le compte internet pourtant sécurisé qui lui servait à jouer en ligne...',19,7.1,'2011-03-31','2008-03-21 16:59:47','2008-03-21 16:59:47'),
	(123,11,'64641','La Germination du jardin de plantes aromatiques','Sheldon et Amy mènent une expérience secrète qui vise à propager des rumeurs au sein du groupe. La relation entre Howard et Bernadette passe un nouveau cap...',20,7.7,'2011-04-07','2012-09-20 17:27:50','2012-09-20 17:27:50'),
	(124,11,'64715','L’Accord de la dissection','Priya, qui trouve une faille dans l\'accord de colocation qu\'il a signé avec Sheldon, le chasse pour la nuit. Ce dernier sort dans une boite de nuit en compagnie de Penny, Amy, et Bernadette...',21,7.3,'2011-04-28','2002-07-15 11:34:20','2002-07-15 11:34:20'),
	(125,11,'64643','La Mise en œuvre de Wildebeest','Sheldon invente un jeu d\'échecs qui se joue à trois. Bernadette surveille les relations de Leonard et Priya. De son côté, Raj invente une nouvelle drogue pour surmonter ses phobies sociales...',22,7.1,'2011-05-05','2020-11-22 12:44:37','2020-11-22 12:44:37'),
	(126,11,'64716','La Réaction de l\'engagement','Howard et Bernadette préparent leur mariage, mais tous deux ont échoué dans leurs tentatives pour annoncer à leurs parents ce grand bouleversement...',23,7.3,'2011-05-12','2012-07-05 02:16:36','2012-07-05 02:16:36'),
	(127,11,'64642','La Métamorphose de la colocation','Bernadette obtient son doctorat. Toute sa bande d\'amis se demande bien pourquoi Howard n\'a pas atteint ce niveau de formation et d\'engagement...',24,7.5,'2011-05-19','2011-10-16 01:34:21','2011-10-16 01:34:21'),
	(128,12,'64719','La Pub de Penny','Tout le groupe doit gérer les conséquences de la nuit que Raj et Penny ont passée ensemble. Penny, dont la carrière d\'actrice ne décolle pas, pense retourner s\'installer dans le Nebraska. Elle demande conseil à Amy sur la marche à suivre. De son côté, Sheldon prend en charge l\'équipe de paintball...',1,7.1,'2011-09-22','2010-10-02 21:21:51','2010-10-02 21:21:51'),
	(129,12,'64720','Microbes, Acariens, Tiques et Compagnie !','La chaise de Penny cause des problèmes de santé à Sheldon. Amy se retrouve, bien malgré elle, au beau milieu d\'une dispute entre Sheldon et Penny...',2,7.5,'2011-09-22','2010-06-11 16:36:04','2010-06-11 16:36:04'),
	(130,12,'64721','L\'Extrapolation de l\'aine froissée','Tandis que Sheldon reste chez lui pour jouer avec son train, Leonard et Amy en apprennent plus l\'un sur l\'autre alors qu\'ils vont à un mariage...',3,7.2,'2011-09-29','2006-05-23 12:44:46','2006-05-23 12:44:46'),
	(131,12,'64724','Dialogue de sourds','Penny organise un rendez-vous galant entre Raj et une de ses amies sourdes. Elle ignore que cette dernière n\'est intéressée que par l\'argent...',4,7.2,'2011-10-06','2005-05-02 23:00:33','2005-05-02 23:00:33'),
	(132,12,'64723','La Fusée russe à réaction','Sheldon est vexé quand Leonard se rend à une soirée avec des acteurs de Star Trek. De son côté, Bernadette veut empêcher Howard de se transporter dans l\'espace...',5,7.4,'2011-10-13','2005-10-03 12:11:22','2005-10-03 12:11:22'),
	(133,12,'64722','Une mère envahissante','Sheldon est contrarié. Sa mère vient passer quelques jours chez lui. Elle refuse de lui faire à manger et ne veut pas non plus l\'accompagner à des conférences...',6,7.2,'2011-10-20','2019-01-11 03:11:10','2019-01-11 03:11:10'),
	(134,12,'64727','Le Dilemme de Léonard','Sheldon essaie de se placer dans l\'esprit d\'Halloween et tente d\'effrayer ses amis. Pendant ce temps, un artiste de BD s\'intéresse à Léonard...',7,7.6,'2011-10-27','2000-12-14 09:27:41','2000-12-14 09:27:41'),
	(135,12,'64726','Problème d\'isolement','Amy est blessée quand Bernadette et Penny vont faire leurs courses de demoiselles d\'honneur sans elle. Elle s\'adresse alors à Sheldon pour trouver du réconfort...',8,7.2,'2011-11-03','2007-04-23 06:00:01','2007-04-23 06:00:01'),
	(136,12,'64725','La Phobie de Sheldon','Sheldon fait tout pour surmonter sa peur maladive des oiseaux. De leur côté, Leonard et Penny tentent de sortir ensemble comme de simples amis...',9,7.1,'2011-11-10','2021-07-21 04:33:14','2021-07-21 04:33:14'),
	(137,12,'64718','La Quadruple Négation','Quand Stuart propose à Amy de sortir avec lui, Sheldon se dit qu\'il est temps de passer aux choses sérieuses avec elle. Le groupe se passionne pour un jeu...',10,6.8,'2011-11-17','2010-02-21 07:58:16','2010-02-21 07:58:16'),
	(138,12,'64729','Le Bourreau de Léonard','Léonard est obligé d\'affronter l\'homme qui l\'a autrefois martyrisé pendant sa scolarité, Jimmy Speckerman. C\'est alors que Penny se remet en question...',11,7.0,'2011-12-08','2011-12-07 23:57:44','2011-12-07 23:57:44'),
	(139,12,'64731','Princesse Amy','Penny décide d\'aider Sheldon qui est empêtré dans sa relation avec Amy. De son côté, Howard a du mal à accepter le dégoût de Bernadette pour les enfants...',12,7.0,'2012-01-12','2013-02-13 23:10:46','2013-02-13 23:10:46'),
	(140,12,'64730','L\'Hypothèse de recombinaison','Leonard et Penny se plaisent à l\'idée de revivre leur romance depuis le début. Pendant ce temps, Sheldon essaie sans succès d\'acheter un souvenir de Star Trek...',13,7.2,'2012-01-19','2014-08-04 11:50:57','2014-08-04 11:50:57'),
	(141,12,'64728','Démarrage du bêta-test','Léonard et Penny trouvent une méthode pour optimiser leurs sorties en amoureux. Raj trouve enfin une voix à qui parler : celle, virtuelle, de son téléphone...',14,7.2,'2012-01-26','2004-10-20 11:26:10','2004-10-20 11:26:10'),
	(142,12,'64732','La Contrat de l\'amitié','Léonard n\'est plus qu\'une connaissance pour Sheldon quand il rejette leur pacte de colocation. De son côté, Howard se cherche un nom d\'astronaute...',15,7.0,'2012-02-02','2003-10-03 15:31:59','2003-10-03 15:31:59'),
	(143,12,'64734','L\'Enfer des vacances !','Quand l\'université oblige Sheldon a prendre des jours de vacances, il va traîner dans le laboratoire d\'Amy. Bernadette impose ses conditions à Howard...',16,6.8,'2012-02-09','2012-08-02 17:04:52','2012-08-02 17:04:52'),
	(144,12,'64733','La Guerre du bureau','Sheldon parvient à coiffer Barry Kripke au poteau et obtient un poste convoité à l\'université. De son côté, Amy fait un bien étrange cadeau à Penny...',17,7.2,'2012-02-16','2007-11-19 13:14:51','2007-11-19 13:14:51'),
	(145,12,'64735','La Transformation du loup-garou','Sheldon est obligé de changer son emploi du temps car son coiffeur est tombé malade. Pendant ce temps, Wolowitz se demande s\'il a les capacités pour devenir astronaute, à cause de l\'entraînement que cela implique.',18,7.5,'2012-02-23','2019-07-07 18:35:25','2019-07-07 18:35:25'),
	(146,12,'64736','Le Vortex du week-end','Comme à leur habitude, les amis décident de passer leur temps à jouer aux jeux vidéos, ce qui ne plaît guère à leurs compagnes, qui ont de toutes autres idées en tête...',19,7.2,'2012-03-08','2019-05-19 08:16:43','2019-05-19 08:16:43'),
	(147,12,'64717','Le Dysfonctionnement du téléporteur','Raj se résout à demander de l\'aide à ses parents pour trouver la femme de sa vie. Sheldon entend des voix : il croit que sa figurine de Spock lui parle...',20,7.1,'2012-03-29','2007-01-24 17:09:32','2007-01-24 17:09:32'),
	(148,12,'64737','La Vengeance d\'Howard','Howard a la chance de pouvoir travailler avec le scientifique de génie Stephen Hawking. Sheldon veut aussi rencontrer le savant. Howard en profite pour satisfaire une petite vengeance...',21,7.7,'2012-04-05','2009-04-16 13:57:05','2009-04-16 13:57:05'),
	(149,12,'64644','Alcool, Sexe et Vengeance','Raj organise l\'enterrement de vie de garçon de son ami Howard. Ce dernier annonce qu\'il n\'y aura pas de strip-teaseuse pour ne pas froisser Bernadette...',22,7.0,'2012-04-26','2006-07-13 03:12:55','2006-07-13 03:12:55'),
	(150,12,'64738','L\'Accélération du lancement','La mission de Howard dans l\'espace est avancée, ce qui pose des problèmes pour l\'organisation du mariage. Amy use de psychologie pour se rapprocher de Sheldon...',23,7.1,'2012-05-03','2018-09-14 16:14:19','2018-09-14 16:14:19'),
	(151,12,'64645','Un mariage express','Décidée à épouser Howard avant que ce dernier ne file dans l\'espace, Bernadette organise un mariage en quatrième vitesse. Et si la mairie ne peut accueillir leur cérémonie, qu\'à cela ne tienne : elle est organisée sur le toit de l\'immeuble de Sheldon et Leonard, qui officient lors de ce mariage. Un peu plus tard, Howard est à bord de la navette, prête à décoller. Alors que ses deux compagnons d\'aventure spatiale sont d\'une décontraction désarmante, Wolowitz, lui, tout en essayant d\'afficher un peu d\'assurance, est tout simplement au bord de l\'explosion de panique. Dans le salon, face à la télévision le groupe assiste médusé à la mise sur orbite d\'Howard !',24,7.9,'2012-05-10','2016-03-26 17:48:31','2016-03-26 17:48:31'),
	(152,13,'64741','Un rendez-vous fluctuant','Le pauvre Raj fait face à sa solitude, voyant tous ses amis heureux en couple. De son côté, Howard se retrouve coincé dans une dispute entre sa femme Bernadette, et sa mère. Ce dernier est pourtant en plein voyage dans l\'espace.',1,6.7,'2012-09-27','2009-02-10 10:29:25','2009-02-10 10:29:25'),
	(153,13,'64742','Les Fluctuations du découplement','Lors d\'une soirée entre filles, Penny avoue à Amy et Bernadette qu\'elle n\'est pas sûre de ses sentiments pour Leonard. Elle songe même à le quitter. Amy révèle accidentellement cette information à Sheldon, qui supplie Penny de changer d\'avis. De son côté, Stuart est invité à participer aux soirées de la bande. Sheldon, d\'abord réticent, lui demande de se comporter de la même façon qu\'Howard...',2,7.1,'2012-10-04','2001-08-16 21:44:03','2001-08-16 21:44:03'),
	(154,13,'64647','Le Mal de l\'espace','Sheldon embauche une assistance, Alex. La jeune femme est particulièrement séduisante et ne manque pas de rendre Amy jalouse. Alex s\'est en réalité entichée de Leonard. Penny, contrariée, essaie discrètement de savoir ce qu\'en pense le garçon. De son côté, Howard apprend que son séjour dans l\'espace est prolongé. Complètement paniqué, il demande à Bernadette de venir le sauver...',3,7.2,'2012-10-11','2013-01-05 23:14:28','2013-01-05 23:14:28'),
	(155,13,'64743','La Minimisation du retour','Howard est de retour après son séjour dans l\'espace et espère un accueil triomphal. Mais Bernadette a prévu un dîner romantique et demandé aux autres de les laisser seuls. Malheureusement, la jeune femme tombe malade. Howard décide alors de rendre visite à sa mère, qui n\'est pas disposée à le recevoir. Chez Leonard, Amy et Penny se sont lancées dans une série de défis contre Leonard et Sheldon...',4,7.6,'2012-10-18','2021-04-11 10:58:18','2021-04-11 10:58:18'),
	(156,13,'64744','L\'Excitation holographique','Stuart et Raj décident d\'organiser une fête d\'Halloween à la librairie. Amy et Sheldon ne parviennent pas à se mettre d\'accord sur les costumes à porter pour l\'occasion : Amy veut se déguiser en couple célèbre, tandis que Sheldon ne pense qu\'aux personnages de Star Wars. Howard parle sans cesse de son expérience dans l\'espace. Bernadette lui avoue que sa nouvelle manie agace tout le monde...',5,7.3,'2012-10-25','2010-02-16 10:23:51','2010-02-16 10:23:51'),
	(157,13,'64746','Extraction-oblitération','Penny avoue à Leonard qu\'elle veut retourner à l\'université pour suivre des cours d\'histoire, espérant que ce dernier n\'en fera pas une maladie. De son côté, Sheldon lance une invitation au physicien Stephen Hawking, son idole, pour qu\'ils jouent ensemble à un jeu en réseau. Lorsque celui-ci accepte, Sheldon se montre tout excité...',6,7.1,'2012-11-01','2021-03-13 21:56:10','2021-03-13 21:56:10'),
	(158,13,'64745','L\'Apprentie réalisatrice','Howard envisage de quitter le domicile de sa mère, mais culpabilise à l\'idée de la laisser seule. Bernadette fait tout pour le pousser à emménager avec elle. Perplexe, Sheldon se retrouve au beau milieu d\'une dispute entre sa petite amie et Whil Wheaton. Amy lui demande d\'arbitrer le conflit...',7,7.2,'2012-11-08','2010-04-09 23:16:20','2010-04-09 23:16:20'),
	(159,13,'64748','Le Mystère des 20 minutes','Howard s\'étonne de constater que Sheldon disparaît tous les jours à la même heure pendant 20 minutes et demande à Raj de l\'aider à découvrir son secret. Leonard se montre jaloux à l\'égard du nouveau camarade de fac de Penny...',8,7.6,'2012-11-15','2004-08-15 17:07:43','2004-08-15 17:07:43'),
	(160,13,'64749','L\'Escalade de la place de parking','La guerre est déclarée entre Sheldon et Howard depuis que la place de parking du premier a été attribuée au second.',9,7.8,'2012-11-29','2016-06-23 02:12:42','2016-06-23 02:12:42'),
	(161,13,'64747','Entrailles, poiscailles, ripailles !','Howard tente se se rapprocher de son beau-père à la faveur d\'une partie de pêche arrangée par Bernadette, mais il constate bien vite qu\'ils sont tous les deux très différents. Sheldon doit prendre soin d\'Amy, malade. La jeune femme espère profiter de la situation...',10,7.6,'2012-12-06','2011-08-22 15:16:36','2011-08-22 15:16:36'),
	(162,13,'64750','L’Esprit de Noël','Léonard, Sheldon, Howard et Raj organisent une partie de «Donjons et Dragons» sur le thème de Noël. Sheldon en profite pour avouer qu\'il déteste le père Noël depuis qu\'il a 8 ans. Les filles, qui n\'ont pas été conviées à l\'événement, décident d\'aller boire quelques verres en ville. Raj, exclu du jeu, les accompagne...',11,7.6,'2012-12-13','2003-05-16 03:14:40','2003-05-16 03:14:40'),
	(163,13,'64751','Les Propos démesurés de Sheldon','Alex ne cache plus son attirance pour Leonard et tente de le séduire. Sheldon, qui ne conçoit pas que son assistante pense à autre chose qu\'à son travail, décide d\'éclaircir la situation. Mais la conversation tourne mal, et Alex se plaint aux ressources humaines...',12,7.4,'2013-01-03','2008-01-01 17:45:07','2008-01-01 17:45:07'),
	(164,13,'64752','L’Expédition Bakersfield','La petite bande entreprend un long voyage pour se rendre à une convention de comic books à Bakersfield. En cours de route, la voiture de Leonard malencontreusement est volée. Nos amis sont d’autant plus désemparés qu’ils sont tous déguisés en des personnages de la série \"Star Trek: The Next Generation\"...Pendant ce temps, les filles, restées à la maison, décident d\'explorer un comic book...',13,8.0,'2013-01-10','2012-09-10 00:52:00','2012-09-10 00:52:00'),
	(165,13,'64753','Renversement de tendance','Sheldon, contraint de travailler avec Barry Kripke, essaie de mettre un terme à leur collaboration. Il finit par inventer des mensonges qui pourraient le mettre dans une situation embarrassante. Howard et Raj dépensent une énorme somme d\'argent pour faire fabriquer des figurines d\'eux-mêmes...',14,7.3,'2013-01-31','2016-07-05 04:14:48','2016-07-05 04:14:48'),
	(166,13,'64754','L’Art du spoiler','Léonard en veut à Sheldon, qui lui a raconté la fin des romans «Harry Potter». Il décide alors de quitter la colocation et d\'emménager avec Penny. Amy saute sur l\'occasion et propose à son petit ami de prendre la place de Leonard. Mais Sheldon n\'est pas convaincu...',15,7.4,'2013-02-07','2008-03-15 17:06:04','2008-03-15 17:06:04'),
	(167,13,'64648','La Preuve d\'affection tangible','Sheldon demande à son assistante d\'acheter à sa place un cadeau de Saint-Valentin pour Amy. Une dispute éclate entre Leonard, Penny, Howard et Bernadette, lors d\'un dîner entre couples. Raj et Stuart se rebellent contre le romantisme ambiant et organisent une fête pour célibataires au rayon des comics...',16,7.7,'2013-02-14','2002-10-08 11:57:12','2002-10-08 11:57:12'),
	(168,13,'64755','L’Isolation d\'un looser','Raj, qui n\'a décidément pas de chance dans sa vie sentimentale, a rendez-vous avec Lucy, une jeune femme rencontrée à la librairie. Mais la soirée tourne au désastre lorsqu\'elle s\'échappe par la fenêtre des toilettes du restaurant. Raj est dévasté et décide de s\'enfermer chez lui pour déprimer. Sheldon invite Penny à participer à son émission sur les drapeaux...',17,7.6,'2013-02-21','2000-04-28 22:33:57','2000-04-28 22:33:57'),
	(169,13,'64649','Obligation contractuelle','Raj organise un nouveau rendez-vous avec Lucy. La jeune femme tente de soigner ses problèmes d\'anxiété, mais ses tentatives sont laborieuses. Leonard, Sheldon et Howard donnent des cours de sciences devant des étudiants. Pendant ce temps, les filles décident d\'aller passer la journée à Disneyland plutôt que de rester coincées au bureau...',18,7.5,'2013-03-07','2005-06-05 16:27:55','2005-06-05 16:27:55'),
	(170,13,'64757','La Reconfiguration du dressing','Penny et Leonard décident d\'inviter leurs amis à dîner. Cette fois, pas de plats à emporter, mais une soirée dans les règles de l\'art. Lors d\'un repas chez Bernadette, Sheldon finit par mettre de l\'ordre dans les placards de Howard. Il y retrouve une lettre que son père lui a envoyé pour ses 18 ans. Howard ne l\'a jamais ouverte...',19,7.6,'2013-03-14','2011-05-28 08:07:14','2011-05-28 08:07:14'),
	(171,13,'64756','Une titularisation mouvementée','Après la mort d\'un professeur, Leonard, Sheldon et Raj postulent pour obtenir leur titularisation au sein de l\'université. Chacun va plaider sa cause auprès de la directrice du service des ressources humaines. La compétition fait rage et les filles ne tardent pas à se mettre elles aussi en rang de bataille...',20,7.7,'2013-04-04','2012-08-14 09:05:11','2012-08-14 09:05:11'),
	(172,13,'64758','La Clôture cognitive alternative','Sheldon est désemparé depuis l\'arrêt de son émission de télévision préférée. Comme le dernier épisode ne lui a pas fourni les réponses escomptées, le jeune homme demande à la chaîne de lui révéler la suite des événements. De son côté, Raj découvre avec stupeur l\'un des secrets que lui cache Lucy. Sa nouvelle petite amie tient un blog, où elle se confie sans scrupule...',21,7.6,'2013-04-25','2000-02-11 12:07:39','2000-02-11 12:07:39'),
	(173,13,'64761','Le Professeur Proton','Bernardette et Howard proposent à Raj de garder son chien, mais ne tardent pas à le regretter. Sheldon et Leonard découvrent que l\'idole de leur enfance, le professeur Proton, se produit désormais à domicile. Très enthousiastes, ils décident de faire venir le scientifique pour l\'après-midi...',22,7.8,'2013-05-02','2001-01-18 20:25:38','2001-01-18 20:25:38'),
	(174,13,'64760','Délire à Las Vegas','Les filles, qui avaient prévu un voyage à Las Vegas, doivent se rabattre sur une partie de \"Donjons et dragons\" avec Howard, Leonard et Sheldon. De leur côté, Raj et Lucy dînent au restaurant. Le jeune homme encourage sa petite amie à s\'affirmer publiquement, notamment en renvoyant un plat en cuisine...',23,7.4,'2013-05-09','2003-08-16 16:49:52','2003-08-16 16:49:52'),
	(175,13,'64759','Bon voyage !','Léonard reçoit une proposition pour une recherche scientifique menée par son idole Stephen Hawking. Cette mission de quatre mois en mer du Nord n\'est pas au goût de Penny, et rend par la même occasion Sheldon jaloux. De son côté, Raj exige toujours plus de Lucy dans leur relation, ce qu\'elle ne semble pas prête à supporter.',24,7.6,'2013-05-16','2009-05-22 00:27:02','2009-05-22 00:27:02'),
	(176,14,'64778','L\'Absence de Léonard','Parti en expédition, Leonard a laissé ses amis à Pasadena. Il manque terriblement à Penny et à Sheldon. Quelques mois plus tard, le jeune homme revient par surprise et tente de curieuses expériences. Raj, après ses déboires avec Lucy, repart en quête de l\'amour. Une mission bien plus complexe que de remettre en ordre un Rubik\'s Cube. Penny, quant à elle, lâche tout pour le cinéma...',1,7.3,'2013-09-26','2014-09-04 06:17:52','2014-09-04 06:17:52'),
	(177,14,'64781','Une affaire d’œstrogènes','Léonard revient de son voyage en mer du Nord. Alors qu\'il souhaite passer du temps avec Penny, Sheldon se sent trahi par l\'attitude de son ami...',2,7.7,'2013-09-26','2015-05-15 00:40:05','2015-05-15 00:40:05'),
	(178,14,'64779','Chasse au trésor','La bande participe à une chasse aux trésors. Des équipes étonnantes sont formées : Amy avec Howard, Leonard avec Bernadette et Penny avec Sheldon...',3,7.8,'2013-10-03','2020-03-15 11:30:38','2020-03-15 11:30:38'),
	(179,14,'64780','La Minimisation des aventuriers','Sheldon se fâche avec Amy à propos d\'un film. Raj et Stuart essayent de faire des rencontres en ligne. Quant à Leonard, il se montre très gentil avec Penny...',4,7.5,'2013-10-10','2011-04-18 03:08:07','2011-04-18 03:08:07'),
	(180,14,'64782','La Proximité du lieu de travail','Amy confie à Sheldon qu\'elle a l\'intention de travailler elle aussi à l\'université. Mais ses projets finissent par créer la discorde lorsqu\'Howard s\'en mêle, croyant judicieux de donner son avis. Selon lui, mélanger vie privée et travail serait une mauvaise idée. Sheldon se laisse influencer et vexe Amy sans le vouloir. Bernadette, elle, n\'en croit pas ses yeux. Howard finit sur le canapé de Raj...',5,7.4,'2013-10-17','2001-06-25 08:05:26','2001-06-25 08:05:26'),
	(181,14,'966293','La Résonnance de l\'amour','Howard essaye d\'organiser un événement spécial à l\'occasion de l\'anniversaire de leur premier rendez-vous. Sheldon, de son côté, découvre une erreur...',6,8.1,'2013-10-24','2012-03-15 08:55:51','2012-03-15 08:55:51'),
	(182,14,'966295','L\'Article du professeur Proton','Sheldon se sent blessé quand Arthur Jefferies, alias professeur Proton, demande à Leonard de l\'aider sur un projet. Raj se joint aux filles pour une soirée...',7,7.6,'2013-11-07','2014-04-02 00:39:18','2014-04-02 00:39:18'),
	(183,14,'966296','La Simulation du cerveau qui démange','Sheldon demande à Leonard de l\'aider à cacher une erreur commise dans le passé. Penny fait une rencontre inopinée, elle croise Lucy, l\'ex-petite amie de Raj...',8,7.5,'2013-11-14','2020-07-07 18:30:03','2020-07-07 18:30:03'),
	(184,14,'968153','Thanksgiving, clowns et union bidon !','Tout le monde a prévu de passer les fêtes de Thanksgiving dans la maison de la mère de Howard. Mais cette dernière étant clouée au lit, le petit groupe se propose de faire la cuisine. Sheldon est loin d\'être ravi par le choix du lieu pour les vacances. Des tensions apparaissent entre Penny et Léonard, à cause d\'une mauvaise blague. Howard veut saisir l\'occasion pour resserrer les liens avec son beau-père...',9,8.0,'2013-11-21','2004-04-20 04:01:01','2004-04-20 04:01:01'),
	(185,14,'968871','La Boulette de Sheldon','Sheldon traverse une mauvaise passe à cause de la découverte qu\'il a faite. De plus, Leonard essaye de le convaincre que sa théorie est fausse. Il voudrait que Sheldon reconnaisse son erreur. De son côté, Raj passe la semaine dans l\'appartement de Howard et Bernadette, provoquant quelques tensions...',10,7.2,'2013-12-05','2011-03-21 18:47:58','2011-03-21 18:47:58'),
	(186,14,'969334','L\'Extraction du docteur Cooper','Sheldon se rend au Texas dans sa famille. Il veut être auprès de sa soeur pour la naissance de son premier enfant. En son absence, le groupe prépare les fêtes de Noël et décore le sapin. Chacun s\'interroge sur sa vie et ce qu\'elle aurait été sans Sheldon...',11,7.8,'2013-12-12','2017-05-03 21:49:29','2017-05-03 21:49:29'),
	(187,14,'969409','Ramification et valse-hésitation','Penny se tourne vers Leonard, en quête de réconfort après le fiasco consécutif à son apparition dans une émission de télévision. Ce dernier se retrouve rapidement sur la sellette lorsque la discussion prend un autre virage. Sheldon travaille sur son sens de l\'humour, tandis que Raj s\'entraîne à parler aux filles...',12,7.6,'2014-01-02','2015-02-02 03:34:41','2015-02-02 03:34:41'),
	(188,14,'970481','La Démission de Penny','Sheldon reçoit pour ordre de prendre quelques jours de congé. Mais le jeune homme, une fois en vacances, a bien du mal à se détendre et à profiter de cette période d\'oisiveté forcée. De son côté, Penny prend une décision radicale concernant son avenir professionnel. Leonard tente tant bien que mal de soutenir la jeune femme dans ses choix. Tandis qu\'Amy repousse les avances d\'un prétendant indésirable, Bernadette cherche un livre pour remplacer une bande-dessinée appartenant à Howard et qu\'elle a abîmée...',13,7.4,'2014-01-09','2016-04-10 01:44:46','2016-04-10 01:44:46'),
	(189,14,'971295','La Convention de Sheldon','Les garçons n\'ont pas réussi à obtenir de billets pour le Comic-Con. Dépité mais pas vaincu, Sheldon décide d\'organiser sa propre convention. Il rencontre James Earl Jones, dont il veut faire son invité. L\'entrevue se poursuit tout au long de la nuit. De leur côté, les filles, qui ont passé un moment dans un salon de thé rempli de parents et d\'enfants, se demandent s\'il est vraiment bon de devenir adulte...',14,7.3,'2014-01-30','2007-07-27 15:50:56','2007-07-27 15:50:56'),
	(190,14,'971376','Loco-motivation','Pour la Saint-Valentin, Sheldon et Amy se rendent en train dans la vallée de Napa avec Howard et Bernadette. Amy est toute excitée à l\'idée de faire cette escapade romantique. Leonard et Penny, eux, gardent le chien de Raj. Mais un incident ne tarde pas à se produire et les deux acolytes, maladroits, doivent emmener la bête chez le vétérinaire en urgence. Elle a en effet avalé, accidentellement, du chocolat...',15,7.5,'2014-02-06','2012-08-03 21:52:01','2012-08-03 21:52:01'),
	(191,14,'972131','La Table de tous les dangers','Poussée par Penny, Leonard tient tête à Sheldon et fait l\'acquisition d\'une nouvelle table à manger. Cet achat pousse Sheldon à se poser dun certain nombre de questions fondamentales concernant sa vie. De son côté, Howard décroche une occasion de retourner dans l\'espace. Bernadette ne sait pas si elle doit l\'encourager ou pas à réitérer le voyage...',16,7.4,'2014-02-27','2014-07-07 23:31:35','2014-07-07 23:31:35'),
	(192,14,'972676','Amitiés et turbulences','Howard a du mal à se remettre d\'une discussion houleuse qui l\'a opposé à Sheldon et prend personnellement les commentaires de Bernadette. Pour se faire pardonner, il propose à Sheldon de venir avec lui au quartier général de la Nasa. Lorsque la voiture de Penny rend l\'âme, cette dernière s\'interroge sur ses choix professionnels et nourrit quelques regrets. Amy joue les entremetteuses pour le compte de Raj...',17,6.9,'2014-03-06','2015-06-14 06:43:08','2015-06-14 06:43:08'),
	(193,14,'973094','Maman a un amant !','Sheldon, profitant de son séjour à Houston, décide de rendre une visite surprise à sa mère. En arrivant chez elle, il jette un oeil par une fenêtre et l\'aperçoit dans une situation compromettante. Embarrassé et furieux, il préfère quitter les lieux. De retour à Pasadena, Stuart fait un malaise. Le groupe d\'amis s\'inquiète pour lui, à tort...',18,7.1,'2014-03-13','2003-01-06 13:24:14','2003-01-06 13:24:14'),
	(194,14,'973688','Des choix cornéliens','Raj culpabilise d\'être sorti en même temps avec Lucy et Emily et ne sait pas comment se sortir de cette situation compliquée. Pour la troisième fois en quelques jours, Penny est contactée par la production d\'un film d\'horreur ringard. Après avoir décliné cette proposition à deux reprises, la jeune femme hésite...',19,7.7,'2014-04-03','2021-05-18 09:52:13','2021-05-18 09:52:13'),
	(195,14,'973988','La Dissolution de la relation','Sheldon n\'arrive pas à se réjouir de la découverte scientifique fracassante de Leonard, Howard et Raj. Déçu que son projet piétine, il ne peut pas s\'empêcher d\'être jaloux du succès de ses amis. Penny tente de l\'aider à surmonter son amertume. Raj a décidé de ne plus fréquenter qu\'Emily. Lors d\'une soirée avec Howard et Bernadette, il fait une découverte étonnante au sujet de sa petite amie...',20,7.7,'2014-04-10','2002-10-27 13:47:41','2002-10-27 13:47:41'),
	(196,14,'974377','Le Jeudi tout est permis','près une expédition de plusieurs mois, Leonard revient par surprise et retrouve Sheldon, Raj, Howard, Penny, Amy et les autres. Tandis que Sheldon cherche à devenir comique, déclenchant une dispute entre ses amis, Raj, de son côté, repart en quête de l\'amour, après ses déboires avec Lucy. Quant à Penny, elle est prête à tout quitter pour se lancer à corps perdu dans le cinéma...',21,7.3,'2014-04-24','2007-08-08 09:59:19','2007-08-08 09:59:19'),
	(197,14,'974378','Un proton peut en cacher un autre','Le groupe d\'amis profite pleinement de la journée « Star Wars ». Malgré l\'atmosphère joyeuse qui règne, Sheldon éprouve un malaise : en effet, il ne parvient pas à faire le deuil du professeur Proton...',22,7.3,'2014-05-01','2002-08-22 18:45:39','2002-08-22 18:45:39'),
	(198,14,'975272','Orang-outan en emporte le vent','Renvoyée du tournage de son film, Penny, qui vit mal cet échec, fait le bilan de sa vie. Quant à Raj, il est atterré de découvrir Emily au cinéma en compagnie d\'un autre homme...',23,7.2,'2014-05-08','2019-09-11 00:24:01','2019-09-11 00:24:01'),
	(199,14,'975625','Fiançailles, statuts quo, départ...','Sheldon s\'interroge sur sa carrière, qui est loin de lui apporter satisfaction. Cependant, Léonard et Penny réfléchissent à leur avenir, tandis que Bernadette et Howard se voient contraints de renoncer à l\'aide médicale...',24,7.4,'2014-05-15','2000-08-22 06:02:12','2000-08-22 06:02:12'),
	(200,15,'1000640','Loco-démotivation','Leonard et Amy partent en Arizona pour récupérer Sheldon. Penny postule pour un poste dans l\'entreprise de Bernadette. Howard est perturbé par la relation qu\'entretient Stuart avec sa mère.',1,6.7,'2014-09-22','2013-06-09 05:19:17','2013-06-09 05:19:17'),
	(201,15,'1000641','Sheldon Cooper, professeur d\'université','Quand Sheldon doit enseigner des cours, Howard décide alors de les suivre. Amy profite de la dispute entre Penny et Bernadette.',2,7.2,'2014-09-22','2008-01-17 22:28:38','2008-01-17 22:28:38'),
	(202,15,'1001381','Un engagement pas très engageant','Howard est nerveux lorsque la NASA lui demande de lancer la première balle au baseball pour la journée nationale de l\'espace. Leonard et Penny essayent de prouver que Sheldon a tort quand il affirme qu\'Amy et lui forment un meilleur couple qu\'eux.',3,6.9,'2014-09-29','2013-09-13 23:24:56','2013-09-13 23:24:56'),
	(203,15,'1001382','Plan à quatre','La franchise de Raj revient de l\'avant quand sa nouvelle copine ne s\'entend pas avec Penny. Les gars réfléchissent au fait de devenir copropriétaires de la boutique de Stuart.',4,6.8,'2014-10-06','2005-06-17 11:59:24','2005-06-17 11:59:24'),
	(204,15,'1001383','Le Conditionnement opérant','Les filles partent à Las Vegas pour le weekend, tandis que les gars tentent d\'inventer quelque chose de cool.',5,7.4,'2014-10-13','2021-03-22 23:08:46','2021-03-22 23:08:46'),
	(205,15,'1001384','L\'Expérience de la mine','Raj et Sheldon tentent de simuler une expédition de recherche sur la matière noire. Après une dispute en rapport à l\'argent, Penny et Leonard cherchent des conseils auprès de Bernadette et Wolowitz.',6,7.0,'2014-10-20','2015-12-24 11:28:25','2015-12-24 11:28:25'),
	(206,15,'1001385','Malentendu, quiproquos et jalousie','Un médecin, client de Penny, essaye de la séduire à la suite d\'un malentendu ce qui contrarie Leonard. Sauf que toute la bande découvre que ce médecin, un geek comme eux, est le médecin officiel des idoles des garçons.',7,7.6,'2014-10-30','2017-05-04 03:40:49','2017-05-04 03:40:49'),
	(207,15,'1012428','Le Rituel du bal de fin d\'année','Bernadette et Amy organisent une soirée où elles refont une soirée de fin de promotion. Chaque couple va revivre l\'événement à sa façon, dramatique ou romantique.',8,7.3,'2014-11-06','2013-03-23 05:11:28','2013-03-23 05:11:28'),
	(208,15,'1016510','L\'Opération nasale','Leonard va se faire opérer des sinus ce qui inquiète grandement Sheldon. Pendant ce temps, Bernadette et Howard essayent de soutenir Raj qui vient d\'apprendre le divorce de ses parents.',9,7.4,'2014-11-13','2017-05-10 14:09:17','2017-05-10 14:09:17'),
	(209,15,'1018201','Champagne et grande découverte','Sheldon et Amy enregistrent le dernier épisode de Fun with Flags. Penny essaie de faire réaliser à Bernadette à quel point elle est crainte dans son entreprise. Leonard, Howard et Raj vident le bureau d\'un professeur décédé et cherchent s\'il a fait une découverte quelconque.',10,6.8,'2014-11-20','2019-09-26 05:14:38','2019-09-26 05:14:38'),
	(210,15,'1019131','Les Intrus volants','C\'est Noël, Amy souhaite organiser un dîner victorien, Sheldon, contraint et forcé de participer tente de trouver un plan machiavélique pour faire culpabiliser Amy et ne plus jamais participer à Noël. Pendant ce temps là, Howard et Leonard sont bloqués dans une salle blanche car ils y ont laissé entrer un oiseau.',11,7.1,'2014-12-11','2005-03-23 01:39:58','2005-03-23 01:39:58'),
	(211,15,'1023703','La Désintégration de la sonde spatiale','Penny et Amy se décident à emmener Leonard et Sheldon les accompagner pour une sortie shopping. Les deux colocataires en viennent à parler des compromis qu\'ils estiment avoir fait l\'un pour l\'autre. Raj attend avec anxiété les résultats d\'une sonde spatiale qu\'il a envoyé des années auparavant et Howard essaie de le rassurer.',12,7.1,'2015-01-08','2013-09-15 18:41:09','2013-09-15 18:41:09'),
	(212,15,'1031868','Optimisation de l\'anxiété','Sheldon n\'arrive à aucune avancée dans ses nouvelles recherches et demande de l\'aide à ses amis : travailler dans un état d\'anxiété et de malaise serait un plus pour sa productivité. Raj est également gêné par Howard qui s\'amuse des compliments que Raj fait à son chien, souvent plus affectueux que ceux faits à sa petite amie.',13,7.2,'2015-01-29','2012-10-19 22:24:22','2012-10-19 22:24:22'),
	(213,15,'1039676','La Manifestation du troll','Leonard développe une théorie que Sheldon complète afin qu\'ils la publient sur Internet ; mais rapidement, parmi les commentateurs, un troll va saper leur travail. Penny, Bernadette et Amy s\'amusent à ressortir leurs secrets honteux.',14,7.1,'2015-02-05','2017-03-02 07:43:23','2017-03-02 07:43:23'),
	(214,15,'1041899','La Régénération du magasin de BD','Stuart vient d\'ouvrir une nouvelle boutique de comics (vu que la dernière a pris feu). Ses amis viennent pour l\'ouverture alors que de petites disputes commencent : Amy utilisait Leonard et Penny pour des expériences cognitives et Sheldon a découvert qu\'Amy a aidé Barry Kripke dans ses recherches. Howard, quant à lui, apprend le décès de sa mère.',15,7.3,'2015-02-19','2002-04-02 10:09:17','2002-04-02 10:09:17'),
	(215,15,'1041629','Test d\'intimité','Penny et Sheldon se prêtent à un jeu de confidences afin de vérifier une étude scientifique qui explique un procédé pour provoquer une relation amoureuse. Pendant ce temps, Leonard, Amy, Emily et Raj partent pour participer à une escape room. Howard et Bernadette sont coincés à l\'aéroport, attendant de récupérer le bagage contenant les cendres de Mme Wolowitz.',16,7.5,'2015-02-26','2002-05-14 07:09:15','2002-05-14 07:09:15'),
	(216,15,'1044145','Sheldon et Amy s\'en vont sur Mars','Amy et Sheldon se rendent dans une animalerie. Mais la visite tourne à la dispute lorsque la jeune femme apprend que Sheldon a postulé pour une mission : un aller simple pour coloniser Mars. De son côté, Leonard surprend Penny avec en main un achat réservé aux adultes. Raj est quant à lui surpris en train de fouiller dans les affaires d\'Emily...',17,7.0,'2015-03-05','2006-08-22 05:44:45','2006-08-22 05:44:45'),
	(217,15,'1044789','La Thermalisation des restes','Leonard co-écrit un article avec Sheldon, mais le magazine qui le publie ne mentionne pas son nom, ce qui entraîne quelques grincements de dents. Par ailleurs, la demeure des Wolowitz se retrouve plongée dans le noir. Toute la famille profite de l\'occasion pour rendre un dernier hommage à la maîtresse de maison...',18,6.8,'2015-03-12','2002-07-02 03:41:10','2002-07-02 03:41:10'),
	(218,15,'1046725','Que la force soit avec nous !','Leonard et Sheldon, invités à l\'Université de Berkeley pour y faire une allocution, décident d\'organiser un petit détour en chemin dans l\'espoir de rencontrer une de leurs idoles. Raj et Amy organisent une partie de ping-pong, censée permettre de régler un différend entre Bernadette et Howard...',19,7.1,'2015-04-02','2005-03-09 13:46:39','2005-03-09 13:46:39'),
	(219,15,'1046726','Fort réconfort','Sheldon, très déçu de ne pas être invité à une réunion avec d’autres scientifiques réputés, est grincheux pendant son dîner avec Amy avant que cette dernière ne trouve une solution originale pour lui remonter le moral. Howard, quant à lui, fait la connaissance de son demi-frère alors que Penny, invitée à participer au podcast de Wil, se dispute avec Leonard en direct.',20,7.4,'2015-04-09','2021-09-23 13:12:17','2021-09-23 13:12:17'),
	(220,15,'1050573','La Détérioration de la communication','Raj est approché par la NASA pour créer un message de communication si l’une de leurs missions venait à rencontrer une vie extraterrestre, mais se tourne vers Leonard pour de l’aide, excluant volontairement Howard et Sheldon du projet. Penny, de son côté, essaie de demander conseil à Sheldon sur son choix de carrière, hésitant à auditionner pour le film.',21,6.7,'2015-04-16','2013-12-18 18:55:55','2013-12-18 18:55:55'),
	(221,15,'1050574','La Toque et la Toge','Howard se pose des questions sur ses compétences quand Sheldon et lui ne peuvent faire voler leur drone. Alors que son vol est annulé, Leonard ne peut donner son discours à sa réunion d’anciens élèves et Raj fait face à ses parents quand son père lui coupe les vivres.',22,6.7,'2015-04-23','2006-01-17 06:50:35','2006-01-17 06:50:35'),
	(222,15,'1050575','La Guerre des mères','Les mères de Sheldon et Leonard rendent visite à leurs fils quant à Bernadette, elle a atteint ses limites avec Howard, Raj et Stuart.',23,7.5,'2015-04-30','2003-03-18 08:22:43','2003-03-18 08:22:43'),
	(223,15,'1050576','La Détermination de l\'engagement','Sheldon pousse Leonard et Penny à choisir une date de mariage mais il rencontre des changements avec sa relation avec Amy.',24,7.2,'2015-05-07','2007-01-23 10:00:20','2007-01-23 10:00:20'),
	(224,16,'1105614','Mariage et conséquences','Penny doit faire face aux aveux de Leonard, qui lui confie avoir embrassé une autre fille. Le couple, en plein préparatifs de mariage à Las Vegas, doit affronter une nouvelle épreuve, au risque d\'en pâtir. De son côté, Sheldon ne sait pas quoi faire : Amy a décidé qu\'ils devaient faire une pause...',1,6.9,'2015-09-21','2000-12-03 23:14:13','2000-12-03 23:14:13'),
	(225,16,'1105615','L\'Oscillation de la séparation','Leonard refait face à la femme qu\'il a embrassée lors de sa mission en Mer du Nord, pour tenter d\'apaiser Penny, mal à l\'aise avec cette histoire. Après sa rupture avec Amy, Sheldon tourne un épisode spécial de «Fun With Flags». De son côté, Bernadette se sent coupable de cacher un secret à Penny...',2,7.1,'2015-09-28','2011-01-23 07:08:15','2011-01-23 07:08:15'),
	(226,16,'1105616','Corrosion, crevaison, oxydation','Les compétences techniques des garçons sont mises à rude épreuves à cause d\'une crevaison. L\'incident survient pendant le voyage organisé pour fêter l\'enterrement de vie de garçon de Leonard, à Mexico. Pendant ce temps, les filles poussent Penny à avouer la vérité à sa famille concernant son mariage...',3,7.2,'2015-10-05','2020-02-06 23:21:40','2020-02-06 23:21:40'),
	(227,16,'1112198','Retour à la case départ','Leonard et Penny emménagent enfin ensemble. Sheldon est contrarié par ce changement, qui l\'affecte, et rêverait de pouvoir revenir en 2003, date à laquelle il ne connaissait pas encore Leornard, pour ne ressentir aucune émotion. Parallèlement, Raj, Howard et Stuart tentent de former un groupe...',4,7.3,'2015-10-12','2010-03-04 17:14:37','2010-03-04 17:14:37'),
	(228,16,'1112199','L\'Exercice de la transpiration','Les garçons voudraient devenir plus sportifs. Pour renforcer leur potentiel, Barry Kripke propose de leur enseigner l\'escrime. Dans le même temps, les filles essaient d\'attirer la gente féminine dans la boutique de Stuart, spécialisée dans les bandes dessinées. Ce dernier tente sa chance auprès d\'Amy. Barry fait de même...',5,6.8,'2015-10-19','2005-03-14 09:37:04','2005-03-14 09:37:04'),
	(229,16,'1131419','Carence en hélium liquide','Alors que le pays fait face à une pénurie, Sheldon et Leonard découvrent que des scientifiques peu scrupuleux tentent de voler leur idée d\'hélium superfluide, susceptible de sauver l\'économie. Penny et Bernadette téléchargent une application sur le téléphone d\'Amy, pour qu\'elle fasse une nouvelle rencontre...',6,7.0,'2015-10-26','2021-03-02 17:32:00','2021-03-02 17:32:00'),
	(230,16,'1112200','Le « Spockumentaire »','Wil Wheaton réalise une interview de Sheldon au sujet d\'un documentaire sur Star Trek, dans lequel ce dernier fait d\'importantes révélations d\'ordre privé, incluant son projet de demande en mariage. De son côté, Bernadette veut commencer à rénover la maison. La perspective de fonder une famille n\'est plus loin pour le couple...',7,7.6,'2015-11-05','2006-08-12 07:16:35','2006-08-12 07:16:35'),
	(231,16,'1135343','L\'Observation du rendez-vous mystère','Sheldon recrute ses deux amis, Howard et Raj, pour une mission de la plus haute importance mais qui requiert discrétion et efficacité : lui trouver une petite amie. De leur côté, Bernadette, Penny et Leonard espionnent Amy, qui a un mystérieux rendez-vous galant...',8,7.3,'2015-11-12','2011-08-23 09:47:21','2011-08-23 09:47:21'),
	(232,16,'1135344','Permutation platonique','Sheldon et Amy se rendent, en tant que simples amis, à un dîner le jour de Thanksgiving. De leur côté, c\'est la première fois que Leonard et Penny fêtent l\'événement en tant que mari et femme. Mais Leonard dévoile un secret qui aurait mieux fait de le rester, et doit trouver un moyen original de se faire pardonner...',9,7.5,'2015-11-19','2008-09-25 19:39:27','2008-09-25 19:39:27'),
	(233,16,'1136314','Sheldon connaît la chanson','Sheldon a une chanson dans la tête et n\'arrive pas à se rappeler de quel titre il s\'agit. La situation le rend nerveux. De son côté, Amy rappelle Dave pour un nouveau rendez-vous. Bernadette la met en garde...',10,8.0,'2015-12-10','2016-12-11 11:07:08','2016-12-11 11:07:08'),
	(234,16,'1147325','L\'Effervescence de l\'avant-première','Après avoir demandé conseil au professeur Proton, Sheldon décide de renoncer à la première du nouveau «Star Wars» pour pouvoir rester avec Amy le jour de son anniversaire. Un énorme sacrifice qui lui a été suggéré en rêve. Les deux jeunes gens mettent finalement leur temps à profit...',11,8.2,'2015-12-17','2019-09-23 20:46:53','2019-09-23 20:46:53'),
	(235,16,'1149672','Séance chez le psy !','Afin d\'affronter au mieux les persistantes crispations entre lui et sa compagne, Leonard décide de surmonter ses soucis en allant consulter un psychiatre. Il découvre que le médecin connaît très bien les livres que la mère de Leonard a publiés. De son côté, Sheldon reste avec Raj qui s\'intéresse à la découverte de nouvelles exo-planètes. Mais l\'ennui s\'empare du jeune homme, qui n\'a guère envie de rester rivé à un télescope. Parallèlement, Penny réalise qu\'elle joue le rôle de mère pour Leonard et que cela compromet leur relation. Stuart a pris sa décision : il veut quitter la maison des Wolowitz. Sans attendre, Howard et Bernadette débarrassent la chambre qu\'il occupait...',12,7.3,'2016-01-07','2012-09-27 05:24:53','2012-09-27 05:24:53'),
	(236,16,'1149676','Optimisation de l\'empathie','Sheldon et Amy vont-ils enfin se fiancer ? Rien n\'est moins sûr. Leonard et Penny vont-ils enfin se marier ? La vie de couple est loin d\'être une science exacte. Les geeks tentent encore d\'en percer les mystères insondables, et doivent composer pour tenter de faire avancer leur vie privée.',13,7.2,'2016-01-14','2009-04-01 09:14:38','2009-04-01 09:14:38'),
	(237,16,'1157668','Meemaw s\'en va en guerre !','La grand-mère de Sheldon, Meemaw, rend visite à son petit-fils. Tout ne se passe pas comme prévu avec Amy. Les frictions entre les deux femmes s\'intensifient lorsque Meemaw révèle un secret sur Sheldon. De son côté, Raj reçoit une proposition de collaboration de la part d\'une femme séduisante, scénariste pour un show de science-fiction à destination des enfants...',14,7.1,'2016-02-04','2009-05-21 22:56:40','2009-05-21 22:56:40'),
	(238,16,'1160735','La Submersion de Valentino','Sheldon et Amy vont-ils enfin se fiancer ? Rien n\'est moins sûr. Leonard et Penny vont-ils enfin se marier ? La vie de couple est loin d\'être une science exacte. Les geeks tentent encore d\'en percer les mystères insondables, et doivent composer pour tenter de faire avancer leur vie privée.',15,7.2,'2016-02-11','2010-06-11 01:23:04','2010-06-11 01:23:04'),
	(239,16,'1163453','Réaction positive et négative','Bernadette a une grande nouvelle à annoncer à Howard, mais la réaction du jeune homme laisse à désirer. Finalement, les garçons entraînent leur ami dans une soirée karaoké. Ils sont rejoints par les filles...',16,7.3,'2016-02-18','2018-11-07 05:43:22','2018-11-07 05:43:22'),
	(240,16,'1165278','L\'Anniversaire de Sheldon','Amy persuade Sheldon de fêter son anniversaire, pour la première fois depuis son enfance. Le jeune homme associe à cette date uniquement de mauvaises expériences. Pour l\'aider à renouer avec lui-même, l\'équipe essaie de faire au mieux et invite même Adam West à faire une apparition surprise...',17,7.3,'2016-02-25','2011-11-15 04:48:28','2011-11-15 04:48:28'),
	(241,16,'1173420','Détournement de brevet','Leonard, Sheldon et Howard veulent déposer un brevet, mais réalisent que l\'Université détiendra 75% des revenus générés par leur invention. Ils s\'arrachent les cheveux en rédigeant un contrat pour se partager les 25% restants. De son côté, Raj doit choisir entre Emily et Claire, lorsque les deux jeunes femmes le contactent en même temps...',18,7.2,'2016-03-10','2021-11-27 14:06:53','2021-11-27 14:06:53'),
	(242,16,'1173421','Un fil à souder à la patte','Amy prend l\'initiative d\'acheter un nouvel ordinateur portable à Sheldon. Une révélation de son fiancé provoque un choc à la jeune femme. De son côté, Raj dénonce Leonard et Howard, qui ont menti à leurs moitiés respectives pour pouvoir assister à la projection d\'un film en avant-première...',19,7.3,'2016-03-31','2012-04-05 10:35:13','2012-04-05 10:35:13'),
	(243,16,'1179057','La Précipitation de la grande ourse','Sheldon dévoile un secret concernant Leonard, alors qu\'ils sont tous deux en week-end avec Penny et Amy. La situation dérape. De son côté, Raj semble plus excité par la grossesse de Bernadette que la jeune femme elle-même. Il prévoit une montagne de cadeaux pour le couple...',20,7.3,'2016-04-07','2002-01-04 04:54:29','2002-01-04 04:54:29'),
	(244,16,'1179058','Soirée à combustion','La bande se réunit pour visionner un épisode de “Game of Thrones”. Tout se passe pour le mieux jusqu\'à ce qu\'un léger désaccord, d\'abord anodin, entre Leonard et Sheldon se transforme en dispute généralisée. Tout le monde doit prendre partie dans la bataille, certains à leur corps défendant...',21,6.8,'2016-04-21','2019-06-10 23:58:50','2019-06-10 23:58:50'),
	(245,16,'1187582','Bernadette va déguster','Le groupe se rend dans un bar à vin et y croise par hasard l\'ex-petit ami de Penny, Zack. Bernadette, qui ne peut pas prendre part à la dégustation, se retrouve coincée pour la soirée avec Sheldon. Raj présente Claire, sa nouvelle copine, au reste de la bande, mais les choses ne se passent pas comme il l\'espérait...',22,7.2,'2016-04-28','2002-12-09 08:19:58','2002-12-09 08:19:58'),
	(246,16,'1189555','La Théorie des files d\'attente','La mère de Leonard, Beverly, arrive en ville pour une visite. Mais le courant ne passe pas avec Penny, malgré la bonne volonté de la jeune femme. Sheldon demande à Stuart d\'occuper Amy pour la journée, pendant que lui-même se rend à une projection...',23,7.1,'2016-05-05','2003-11-24 07:09:45','2003-11-24 07:09:45'),
	(247,16,'1189556','Convergence, confluence, méfiance','Leonard et Penny se plient en quatre pour organiser une cérémonie qui conviendra à tous. Mais l\'arrivée des parents de Leonard, fraîchement divorcés, et de la mère de Sheldon, dévote notoire, sème le chaos. Des conflits éclatent. Parallèlement, l\'invention d\'Howard suscite l\'intérêt du gouvernement...',24,7.6,'2016-05-12','2013-01-11 18:35:49','2013-01-11 18:35:49'),
	(248,17,'1221931','Probabilités matrimoniales','Leonard et Penny font beaucoup d\'efforts pour que la cérémonie de mariage plaise à tous les invités. Ils doivent pour cela composer avec la famille de Penny. Le père de Leonard montre beaucoup d\'intérêt pour la mère de Penny. Cette attirance est réciproque...',1,6.4,'2016-09-19','2012-12-24 14:22:58','2012-12-24 14:22:58'),
	(249,17,'1221932','La Miniaturisation militaire','Howard reçoit la visite d\'un capitaine de l\'Air Force, très intéressé par sa dernière invention. De son côté, Penny se montre trop bavarde à son travail.',2,6.5,'2016-09-26','2006-03-21 15:26:15','2006-03-21 15:26:15'),
	(250,17,'1221933','Une dépendance irrépressible','Bernadette confie à Raj qu\'elle ne se sent peut-être pas encore prête pour être mère. Sheldon aide Howard dans la réalisation de son projet militaire...',3,6.9,'2016-10-03','2008-08-13 05:35:44','2008-08-13 05:35:44'),
	(251,17,'1229282','Première cohabitation','Amy, qui a dû quitter son appartement, fait des compromis avec Leonard, Sheldon et Penny quant à son mode de vie. Howard et Bernadette, de leur côté, ne veulent pas connaître le sexe de leur bébé, mais Raj le découvre à leur insu...',4,7.4,'2016-10-10','2008-11-08 16:54:15','2008-11-08 16:54:15'),
	(252,17,'1229980','Jacuzzi a dit','Sheldon et Amy tentent de trouver des compromis pour cohabiter dans les meilleures dispositions. Bernadette a toujours des nausées matinales. Avec Howard, elle décide de passer ses vacances à la maison, tout en dissimulant la vérité aux autres sur son état...',5,7.2,'2016-10-17','2002-03-11 06:25:16','2002-03-11 06:25:16'),
	(253,17,'1231939','Coup de pied fœtal et fièvre acheteuse !','Mary, la mère de Penny, et Alfred, le père de Leonard ont flirté outrageusement pendant leur mariage de leurs enfants. Sheldon et Amy, quant à eux, envisagent de faire un essai de vie commune.',6,6.8,'2016-10-27','2011-08-01 06:48:25','2011-08-01 06:48:25'),
	(254,17,'1236541','Une vérité approximative','Pour espérer continuer d\'habiter avec Sheldon, Amy lui ment au sujet des réparations effectuées dans son appartement. Elle pourrait le regretter. Par ailleurs, Leonard laisse Penny décorer sa vieille chambre. Il vient, en effet, d\'apprendre que Penny a secrètement déplacé ses objets de collections. Les relations entre les uns et les autres en son bouleversées...',7,6.9,'2016-11-03','2000-04-05 06:51:59','2000-04-05 06:51:59'),
	(255,17,'1237227','Super cerveau dans un incubateur !','Après la réussite d\'une brillante expérience qui utilisait leurs gènes, Sheldon ne recule devant rien pour convaincre Amy qu\'ils doivent avoir un enfant. De son côté, Koothrappali est gêné d\'annoncer à la bande ce que fait sa nouvelle petite amie pour gagner sa vie...',8,7.0,'2016-11-10','2016-06-14 03:48:48','2016-06-14 03:48:48'),
	(256,17,'1240547','Le Jouet téléguidé','Sheldon peine à contenir sa jalousie au moment où il apprend que Burt va recevoir une bourse substantielle pour ses travaux de géologie. Howard s\'achète un nouveau jouet qui suscite des réactions au sein du groupe...',9,6.9,'2016-11-17','2018-11-21 05:11:53','2018-11-21 05:11:53'),
	(257,17,'1242471','Un nouveau colocataire','Dans l\'appartement de Sheldon et Amy, Amy offre un tableau qu\'elle a peint à Penny. La peinture la représente avec Penny. Cette dernière n\'est pas très satisfaite du rendu de l\'oeuvre d\'art. Pendant ce temps, dans la cuisine des Wolowitz, Stuart offre à Howard et Bernadette un moyen d\'obtenir de l\'aide pour s\'occuper du bébé ou s\'offrir des moments de détente. Stuart, qui a été expulsé, aimerait bien que le couple le reccueille pour quelque temps. De leur côté, Leonard et Amy se disputent au sujet des affaires qu\'ils souhaiteraient garder de leurs anciens appartements...',10,7.1,'2016-12-01','2021-08-06 09:58:34','2021-08-06 09:58:34'),
	(258,17,'1247340','Halley et venues','Amy a de beaux projets pour fêter son anniversaire. Elle aimerait passer la nuit avec Sheldon. Pour que l\'événement soit à la hauteur de ses attentes, elle tente de faire en sorte que tout soit parfait pour cette journée exceptionnelle. Malheureusement, ses plans sont compromis par Bernadette...',11,6.8,'2016-12-15','2000-02-19 03:11:57','2000-02-19 03:11:57'),
	(259,17,'1252065','Flashbacks','Après les vacances, que chacun a passées dans son coin, le groupe est à nouveau réuni. Sheldon et Amy racontent leur désastreux voyage au Texas, à la rencontre de la mère de Sheldon. Quand à Leonard et Penny, ils ont une bonne histoire d\'arbre de Noël à raconter. De leur côté, Howard et Bernadette ont vécu leurs premières journées de parents...',12,6.7,'2017-01-05','2021-01-28 09:02:19','2021-01-28 09:02:19'),
	(260,17,'1254471','Réajustement amoureux','Leonard et Penny ont besoin de l\'aide de Sheldon et Amy pour remettre un peu de piment et de romantisme dans leur mariage. Howard et Raj doivent prendre des mesures drastiques pour faire taire le bruit qui émane du plancher, dans la chambre d\'Halley...',13,6.6,'2017-01-19','2001-01-17 01:19:16','2001-01-17 01:19:16'),
	(261,17,'1258773','Le Décodeur d\'émotions','Raj invite ses ex-petites amies à participer à un débriefing sur son passé amoureux. Qu\'est-ce qui a mal tourné au cours de ses précédentes relations ? Sheldon s\'entraîne à lire les émotions des gens. De son côté, Leonard a du mal à cacher ce qu\'il ressent lorsque Penny lui annonce l\'arrivée prochaine de son frère pour une visite...',14,6.6,'2017-02-02','2020-05-18 10:10:23','2020-05-18 10:10:23'),
	(262,17,'1258774','La Réverbération de la locomotive','Lors du mariage de Penny et Leonard, Mary, la mère Sheldon, et Alfred, le père du jeune homme, ont flirté outrageusement. Ils s\'engagent dans une relation sentimentale. De leur côté, Howard et Bernadette s\'apprêtent à être parents pour la première fois. Sheldon et Amy, qui ne savent pas où ils en sont, envisagent de vivre ensemble à l\'essai. Howard et Raj travaillent toujours sur leur invention, qui semble intéresser le gouvernement...',15,6.9,'2017-02-09','2017-09-11 23:56:38','2017-09-11 23:56:38'),
	(263,17,'1270524','Les Zones d\'intimité','Amy découvre que tout le monde à l\'université connaît les aventures amoureuses de Sheldon. Raj, de son côté, essaie de vivre sans le soutien financier de son père. La conquête de l\'autonomie se révèle plus compliquée que prévu. Raj, pourtant, consent à de nombreux sacrifices...',16,6.6,'2017-02-16','2015-06-11 23:57:09','2015-06-11 23:57:09'),
	(264,17,'1270566','Le Comic-Con de situation','La fièvre du Comic-Con reprend la bande, excitée à l\'idée de s\'y rendre, à l\'exception d\'Amy. Mais Sheldon a des arguments. Un autre problème de taille se pose, qui risque de compromettre la tradition : cette fois, Raj n\'a pas les moyens de s\'offrir cette virée...',17,7.0,'2017-02-23','2005-07-02 13:28:04','2005-07-02 13:28:04'),
	(265,17,'1279264','Un toit pour Rajesh','Raj cherche une solution bon marché pour se loger. Quand la bande lui propose une solution, un conflit généralisé éclate, qui se transforme de manière inattendue en affrontement ouvert entre Amy et la mère de Leonard...',18,6.8,'2017-03-09','2005-10-05 09:16:53','2005-10-05 09:16:53'),
	(266,17,'1285746','Une collaboration houleuse','Raj a emménagé, temporairement, chez Leonard et Penny, son père lui ayant coupé les vivres. Le trio tente de trouver ses marques, compte-tenu de ce nouvel arrangement. De son côté, Sheldon, vexé, se découvre un intérêt particulier pour le travail d\'Amy...',19,7.0,'2017-03-30','2000-09-06 05:35:42','2000-09-06 05:35:42'),
	(267,17,'1296166','Souviens-toi de la journée dernière','Sheldon repousse ses limites lorsqu\'il est amené à travailler sur un projet commun avec Leonard et Wolowitz. Bernadette approche de la fin de son congé maternité...',20,6.7,'2017-04-06','2005-04-12 09:47:57','2005-04-12 09:47:57'),
	(268,17,'1297790','Une séparation difficile','Howard et Bernadette ont du mal à laisser Halley à la garderie quand Bernadette part au travail. Burt présente sa nouvelle petite amie, Rebecca, au groupe...',21,6.4,'2017-04-13','2003-02-22 09:16:08','2003-02-22 09:16:08'),
	(269,17,'1303311','Gymnastique cérébrale','Leonard n\'est pas ravi d\'apprendre que Penny envisage d\'accepter un nouvel emploi, proposé par son ex-petit ami, Zack. Il souhaite en discuter...',22,6.5,'2017-04-27','2006-06-16 19:29:51','2006-06-16 19:29:51'),
	(270,17,'1303312','Instabilité gyroscopique','Leonard, Sheldon et Howard célèbrent la finalisation du projet top secret de force aérienne qui les occupait. Mais ils font face à une surprise déplaisante. De son côté, Amy reçoit une proposition pour l\'été : travailler comme chercheur externe...',23,6.9,'2017-05-04','2002-11-12 01:04:37','2002-11-12 01:04:37'),
	(271,17,'1303313','La Discorde de la longue distance','Le groupe s\'inquiète pour l\'équilibre sentimental de Sheldon : son ancienne admiratrice, le docteur Ramona Nowitzki, refait surface alors qu\'Amy est occupée à Princeton pour l\'été. Le couple peut-t-il survivre si la tentation s\'ajoute à la distance ?...',24,7.5,'2017-05-11','2000-10-12 01:28:34','2000-10-12 01:28:34'),
	(272,18,'1343852','La Proposition relative','Que va faire Amy de la demande en mariage de Sheldon ? Howard et Bernadette reçoivent une nouvelle inattendue, et ne savent pas comment réagir.',1,7.3,'2017-09-25','2017-05-18 19:48:30','2017-05-18 19:48:30'),
	(273,18,'1369083','Le Principe de rétraction-réaction','Leonard tient des propos gênants à la radio. Amy et Bernadette comprennent qu\'elles ont le même problème : devoir cacher leur réussite à Sheldon et Howard.',2,6.8,'2017-10-02','2000-03-13 02:53:09','2000-03-13 02:53:09'),
	(274,18,'1369085','L\'Intégration de la relaxation','Sheldon est tellement dépassé par l’organisation de son mariage qu\'il parle en dormant et Amy découvre une facette insoupçonnée de son fiancé. Bernadette rencontre une nouvelle collègue et aussitôt, Howard pense à la mettre en couple avec Raj ou Stuart.',3,6.8,'2017-10-09','2021-12-26 22:00:40','2021-12-26 22:00:40'),
	(275,18,'1369086','Explosion en plein Wolowitz','Howard et Bernadette apprennent qu\'ils vont avoir un fils et ils peinent à s\'en réjouir. Leonard découvre que sa mère passe beaucoup de temps au téléphone, une situation qui le gêne énormément.',4,6.7,'2017-10-16','2012-12-27 15:48:34','2012-12-27 15:48:34'),
	(276,18,'1369087','Une collaboration houleuse','Howard aide Amy sur un nouveau projet qui va les passionner et leur prendre beaucoup de temps. De son côté, Sheldon se sent mis à l\'écart, alors Penny et Leonard trouvent le moyen de gérer ses émotions grâce à un livre d\'éducation parentale de Bernadette. Tandis que cette dernière se retrouve avec Raj.',5,6.9,'2017-10-23','2020-04-11 12:54:52','2020-04-11 12:54:52'),
	(277,18,'1383967','L\'Héritage du professeur Proton','Sheldon découvre que l\'émission du Professeur Proton va être relancée mais avec un nouveau présentateur. Après avoir pensé à candidater, il apprend que Wil Wheaton va rependre le flambeau. Howard va subir une vasectomie, et avec la nouvelle grossesse de Bernadette, les deux se retrouvent forcés de se reposer sur leurs amis.',6,6.9,'2017-11-02','2017-02-25 18:33:26','2017-02-25 18:33:26'),
	(278,18,'1391209','La Méthodologie de la géologie','Sheldon est approché par Bert, qui a un sujet de recherche intéressant en géologie mais Sheldon craint d\'être vu avec les scientifiques les plus mal vus de l\'université. Raj recroise Ruchi, qui veut garder leur relation occasionnelle, une conception du couple qui dépasse Raj, incapable selon ses amis de ne pas en faire trop.',7,7.0,'2017-11-09','2008-12-05 19:33:56','2008-12-05 19:33:56'),
	(279,18,'1391230','La Guerre des brevets','Leonard et Howard découvrent que Sheldon retravaille secrètement avec l\'armée sur leur projet de GPS quantique en affirmant être le concepteur d\'origine. Bernadette craint que Ruchi ne profite de son absence au travail pour s\'approprier son poste et demande à Raj de vérifier.',8,6.9,'2017-11-16','2014-08-26 03:49:46','2014-08-26 03:49:46'),
	(280,18,'1391231','La Chasse aux bitcoins','Sheldon s\'intéresse au cours du bitcoin et rappelle que sept ans auparavant, ses amis avaient collecté ce qui vaudrait une fortune en crypto-monnaie. Leonard, Raj et Howard commencent donc à rechercher où se trouvent les précieux fichiers sept ans auparavant, quand Howard vivait avec sa mère et que Penny était encore dans une relation houleuse avec Leonard.',9,7.1,'2017-11-30','2014-11-28 07:55:57','2014-11-28 07:55:57'),
	(281,18,'1400066','Raj a la rage','Sheldon et Amy essayent d\'éliminer le stress de la planification de mariage en appliquant des maths au processus. En outre, Koothrappali \"rompt\" avec Wolowitz après s\'être rendu compte que son meilleur ami est en train de nuire à sa confiance.',10,6.7,'2017-12-07','2018-05-14 21:56:30','2018-05-14 21:56:30'),
	(282,18,'1400067','Les Petites Latrines dans la prairie','Sheldon et Wolowitz planifient des célébrations d\'anniversaire pour Amy et Halley, respectivement. En outre, Leonard reçoit une lettre de Noël de son frère qui l\'amène à sortir en spirale de son propre manque de réalisations.',11,6.5,'2017-12-14','2016-03-13 21:32:22','2016-03-13 21:32:22'),
	(283,18,'1406757','L\'Indicateur matrimonial','Sheldon et Amy mettent au point une stratégie pour déterminer qui seront les meilleurs témoins pour leur mariage, mais les amis vont réaliser qu\'ils sont le sujet de tests.',12,6.7,'2018-01-04','2020-05-01 07:25:14','2020-05-01 07:25:14'),
	(284,18,'1406758','Un solo pour deux','Sheldon donne des coups de pied à Amy pour travailler en solo, alors elle et Leonard se lient pendant une série d\'expériences scientifiques ; Howard est remplacé par Bert dans Footprints on the Moon ; Penny s\'avère être une source d\'inspiration scientifique surprenante pour Sheldon. Howard et Raj commencent un groupe.',13,6.9,'2018-01-11','2003-01-26 16:46:36','2003-01-26 16:46:36'),
	(285,18,'1418484','Le Triangle impossible','Raj découvre que la femme qu\'il commence à fréquenter est séparée de son mari, une situation qui le rend mal à l\'aise. Sheldon souhaite utiliser son ancienne chambre dans l\'appartement de Penny et Leonard pour travailler, mais alors qu\'il craint des conditions ubuesques, Leonard trouve Sheldon étonnamment agréable à vivre.',14,6.6,'2018-01-18','2021-01-10 19:24:36','2021-01-10 19:24:36'),
	(286,18,'1426838','Le Roman de Leonard','Sheldon se décide à regarder la nouvelle version de l\'émission Professeur Proton et à sa surprise, apprécie le format, bien qu\'il découvre à l’écran que Howard a participé à un épisode. Leonard commence l\'écriture de son roman mêlant science et physique, et Penny et Bernadette croient se reconnaitre l\'une l\'autre dans un personnage féminin.',15,7.0,'2018-02-01','2013-08-24 10:14:35','2013-08-24 10:14:35'),
	(287,18,'1431840','La Nomenclature néonatale','Bernadette arrive au terme de sa grossesse et ne supporte plus d\'être clouée au lit. Ses amis se relaient pour lui tenir compagnie en attendant les premières contractions jusqu\'au moment où Howard apprend que Bernadette a déjà décidé seule du prénom de leur fils.',16,6.7,'2018-03-01','2004-07-22 12:09:52','2004-07-22 12:09:52'),
	(288,18,'1434700','Colocation de salle des fêtes','Sheldon et Amy se sont mis d\'accord sur la date de leur mariage et ont donc deux mois pour trouver une salle de réception. Howard et Bernadette envisagent que l\'un des deux arrête de travailler pour s\'occuper de leurs enfants, mais aucun ne se sent de taille à être parent à plein temps.',17,6.5,'2018-03-08','2001-06-22 09:10:10','2001-06-22 09:10:10'),
	(289,18,'1434701','Prêt à tout pour rencontrer Gates','Penny va avoir l\'occasion de rencontrer Bill Gates pour une de ses œuvres caritatives et si Sheldon croit à un poisson d\'avril, Leonard veut tenter de revoir un de ses héros. Amy essaie de sortir Bernadette de sa routine de mère au foyer.',18,6.8,'2018-03-29','2011-07-24 19:14:33','2011-07-24 19:14:33'),
	(290,18,'1454903','La Dissociation des locataires','Leonard et Penny découvrent que Sheldon est président et seul membre de l’association des locataires de leur immeuble, et s\'opposent à ses mesures tyranniques. Raj et Howard trouvent un drone cassé dans le jardin des Wolowitz et hésitent entre le garder et le rendre à sa propriétaire.',19,6.7,'2018-04-05','2008-06-26 12:17:35','2008-06-26 12:17:35'),
	(291,18,'1465165','La Tentation de Sheldon','Sheldon reçoit une invitation de la part d\'un brillant physicien vivant en ermite dans les montagnes depuis des années. Inquiètes, les filles convainquent Leonard, Howard et Raj de l’accompagner pendant qu\'elles font l\'enterrement de vie de jeune fille d\'Amy.',20,6.8,'2018-04-12','2021-04-27 12:40:17','2021-04-27 12:40:17'),
	(292,18,'1465375','La Comète de la discorde','Un différend sur une découverte, une soirée romantique, et plus encore.',21,6.8,'2018-04-19','2016-10-15 14:02:32','2016-10-15 14:02:32'),
	(293,18,'1465376','Il faut sauver la science','Sheldon va à Vegas pour gagner de l\'argent pour la science. En outre, Penny et Bernadette aide Amy à choisir sa robe de mariée, mais son choix terrible les emmêle dans un réseau de mensonges.',22,6.7,'2018-04-26','2005-04-25 03:16:08','2005-04-25 03:16:08'),
	(294,18,'1473373','Les Frères ennemis','Quand Sheldon apprend que sa mère n\'assistera pas à son mariage à moins d\'inviter son frère, Georgie, lui et Leonard se rendent au Texas pour mettre fin à une querelle de famille. En outre, les enfants Wolowitz infecte par inadvertance Amy, Bernadette, Wolowitz et Koothrappali avec pinkeye.',23,7.0,'2018-05-03','2014-02-28 09:50:36','2014-02-28 09:50:36'),
	(295,18,'1477740','Un mariage trop lent','Quand les parents d\'Amy et la famille de Sheldon arrivent pour le mariage, tout le monde s\'efforce de faire en sorte que tout se passe comme prévu - tout le monde sauf les futurs mariés.',24,7.6,'2018-05-10','2010-10-07 00:44:41','2010-10-07 00:44:41'),
	(296,19,'1534358','Configuration matrimoniale','Sheldon et Amy sont en lune de miel à New York, mais comme à son habitude, Sheldon a tout planifié et Amy en a assez. En leur absence, le père d\'Amy s\'est réfugié dans leur appartement, loin de sa femme. Raj est invité à une interview et pour se faire remarquer, commence à s\'en prendre à Neil deGrasse Tyson.',1,9.8,'2018-09-24','2010-11-11 15:22:01','2010-11-11 15:22:01'),
	(297,19,'1572527','Un mystérieux cadeau de mariage','Sheldon et Amy n\'ont aucune idée de l\'utilité du cadeau de mariage qu\'ils ont reçu de Leonard et Penny. Howard et Raj réalisent que Stuart est en train de flirter avec sa nouvelle employée et qu\'ils se plaisent, ce qui pousse Raj à reconsidérer son célibat.',2,7.4,'2018-09-27','2007-09-28 22:08:58','2007-09-28 22:08:58'),
	(298,19,'1575221','Une procréation calculée','Raj va avoir son premier rendez-vous arrangé. Howard s\'inquiète de voir son ami s\'emballer pour une relation loin de tous ses rêves romantiques. Les discussions amènent Penny et Leonard à s\'interroger sur leur désir d\'enfant et quand Penny pense ne pas vouloir d\'enfants, ses amies sont outrées.',3,6.8,'2018-10-04','2000-06-11 08:29:32','2000-06-11 08:29:32'),
	(299,19,'1575223','La Trahison de Tam','Sheldon apprend la visite de Tam, son ancien meilleur ami d\'enfance du Texas, à Caltech. Leonard, Howard et Raj sont curieux, n\'ayant jamais entendu parler de lui et Sheldon semblant lui en vouloir profondément. Penny et Bernadette tentent d\'en savoir plus sur la prétendante arrangée de Raj en l\'invitant à dîner.',4,6.9,'2018-10-11','2014-05-10 06:44:48','2014-05-10 06:44:48'),
	(300,19,'1593011','Crise au planétarium','La responsable de planétarium où Raj donne des conférences souhaiterait inviter Howard, qui revient de l\'ISS. Raj prend mal la nouvelle, craignant d\'être éclipsé. Sheldon souhaiterait qu\'Amy se consacre plus à leur projet de recherche commun, et dans son dos, demande à ce qu\'elle soit remplacée dans ses projets actuels.',5,6.6,'2018-10-18','2007-12-26 05:07:57','2007-12-26 05:07:57'),
	(301,19,'1593014','Un Halloween sous tension','Pour Halloween, Howard se déguise en Sheldon à l\'université et passe sa journée à imiter son ami. Quand celui-ci réalise la chose, il se venge avec Amy lors de la soirée organisée chez Leonard et Penny. La fête rappelle des souvenirs à Leonard sur leur premier Halloween passé ensemble dont Penny ne semble pas se rappeler.',6,7.4,'2018-10-25','2021-02-25 07:54:49','2021-02-25 07:54:49'),
	(302,19,'1604724','La Dérivation des subventions','Leonard se voit chargé par le professeur Siebert de déterminer quel projet d\'étude bénéficiera de l\'excédent de budget qu\'il reste à l\'université. Bernadette ne supporte plus d\'avoir deux enfants en bas âge à la maison et passe une partie de ses soirées en cachette dans la maison de jardin de sa fille, une habitude qu\'elle va partager avec Penny.',7,6.8,'2018-11-01','2019-10-24 18:32:54','2019-10-24 18:32:54'),
	(303,19,'1614628','Le Test de compatibilité','Anu est prête à passer sa première nuit avec Raj, qui se met tellement de pression que son incapacité à parler avec une femme réapparait après des années. Sheldon décide de se rapprocher des parents de Amy mais Mr Fowler est plus intéressé par les tours de prestidigitations de Howard.',8,6.8,'2018-11-08','2009-06-23 06:04:52','2009-06-23 06:04:52'),
	(304,19,'1615073','La Théorie déjouée','Sheldon et Amy confient à Leonard la tâche de vérifier les références de l\'article qu\'ils ont écrit ensemble mais leur ami découvre une source qui met à mal leur thèse. Bernadette se met en tête de battre Howard à Fortnite.',9,7.1,'2018-11-15','2017-07-20 21:15:21','2017-07-20 21:15:21'),
	(305,19,'1628622','Magnéto Sheldon !','Depuis qu\'il a appris que sa théorie a été démentie avant sa publication, Sheldon est en pleine dépression. Leonard a l\'idée de ressortir un enregistrement de lui-même enfant où il se donnait un discours de motivation. En cherchant un magnétoscope pour le lire, Howard retrouve un enregistrement de lui-même répétant un show de prestidigitation et Bernadette l\'encourage à reprendre.',10,6.7,'2018-12-06','2020-02-07 06:12:58','2020-02-07 06:12:58'),
	(306,19,'1639117','Règlement de compte au Paintball','Penny et Leonard organisent une partie de paintball avec leurs amis. L\'occasion pour eux de régler quelques comptes : Sheldon est jaloux d\'Amy qui reçoit toute la gloire de leur article commun, Denise voit Stuart fuir depuis qu\'elle lui a proposé d\'emménager avec elle, Raj a surpris un autre homme chez Anu.',11,6.7,'2019-01-03','2013-01-17 15:38:39','2013-01-17 15:38:39'),
	(307,19,'1648382','Titre de spermission','Penny recroise Zack, devenu riche et marié. Il souhaite rencontrer Leonard pour lui proposer de devenir le donneur de sperme de son enfant. Raj ne parvient pas à se décider quant à l\'avenir de sa relation avec Anu.',12,6.5,'2019-01-10','2016-01-09 19:15:19','2016-01-09 19:15:19'),
	(308,19,'1675687','L\'Asymétrie du prix Nobel','Sheldon et Amy apprennent que leur théorie sur la super-asymétrie a été déjà confirmée expérimentalement. Si le prix Nobel est désormais envisageable, il ne peut y avoir que trois co-récipiendaires et Amy semble désignée car non physicienne, un choix qui dérange profondément Sheldon. Bernadette veut que Penny soit responsable de l\'équipe de vente du nouveau produit mis au point par son laboratoire, ce qui serait une première pour elle et elle ne se sent pas de taille.',13,6.4,'2019-01-17','2002-02-23 23:30:44','2002-02-23 23:30:44'),
	(309,19,'1677264','La Météorite et le Balcon de la discorde','Leonard a reçu son nouveau laser mais n\'a rien pour l\'utiliser, pas même l\'étrange météorite étudiée par Bert et Raj. Le voisin de Howard et Bernadette a installé un balcon qui déborde sur leur propriété et Sheldon se fait une joie de s\'occuper des démarches administratives.',14,6.4,'2019-01-31','2005-03-20 23:26:35','2005-03-20 23:26:35'),
	(310,19,'1694025','Semence-abstinence','Le père de Penny est de passage et apprend que Leonard va donner du sperme pour Zack et sa femme. Howard regrette de n\'avoir pas pu annuler les réservations faites pour l\'enterrement de vie de garçon de Raj, mais ils décident tout de même d\'en profiter.',15,6.3,'2019-02-07','2002-07-25 08:49:02','2002-07-25 08:49:02'),
	(311,19,'1712585','Spécial Donjons et Dragons','Sheldon et Amy ont été invités pour un épisode de Professeur Proton et ont rencontré William Shatner. La rencontre se passe mal et Sheldon veut arranger les choses mais surprend Wheaton organisant des parties de Donjons et Dragons entre célébrités.',16,6.8,'2019-02-21','2016-04-19 12:37:36','2016-04-19 12:37:36'),
	(312,19,'1713493','Baby-sitting expérimental','Penny et Bernadette s\'absentent pour participer à une conférence où Penny va être approchée par un laboratoire concurrent. Howard a donc la garde de ses deux enfants et d\'abord peu intéressé, Sheldon va se laisser convaincre de passer lui aussi du temps avec les bébés.',17,6.2,'2019-03-07','2006-11-14 05:23:44','2006-11-14 05:23:44'),
	(313,19,'1748952','Les Escrocs du prix Nobel','Les Dr Pemberton et Campbell obtiennent la reconnaissance du public pour la théorie de Sheldon et Amy. Les scientifiques théoriciens essaient alors de rallier le soutien des autres lauréats du prix Nobel, mais Sheldon s\'est fâché avec beaucoup d\'entre eux. De son côté, Bernadette a l\'idée de faire, de l\'histoire du voyage de Howard dans l\'espace, un livre pour enfants.',18,7.1,'2019-04-04','2017-11-07 08:41:30','2017-11-07 08:41:30'),
	(314,19,'1749468','Privation sensorielle','La crise de colère d\'Amy pose un problème d\'image au Pr Siebert qui tient à garder Amy et Sheldon loin de l\'attention du comité Nobel. Pour calmer leur frustration, Penny leur suggère une séance dans un caisson d\'isolation sensorielle. Howard se remémore ses jours de célibat et se rachète un scooter avec Raj.',19,6.6,'2019-04-18','2010-02-24 16:23:50','2010-02-24 16:23:50'),
	(315,19,'1749469','Leonard se rebelle','Après une nouvelle remarque sur son incapacité à s\'affirmer, Leonard décide d\'agir comme bon lui semble et dans son seul intérêt, quitte à envisager de changer de vie. Le dernier article de Raj sur les tâches solaires trouve un écho chez les croyants d\'une vie extraterrestre.',20,5.9,'2019-04-25','2009-01-25 09:03:33','2009-01-25 09:03:33'),
	(316,19,'1778893','Les Preuves du plagiat','Sheldon et Amy essaient d\'améliorer leur relation avec les Drs Pemberton et Campbell pour rester dans la compétition pour le prix Nobel. Cependant, Barry Kripke sait que Pemberton a plagié sa thèse de doctorat et peut le prouver. Sheldon, Amy et leurs amis se demandent alors si utiliser cette information pour que les Cooper aient seuls le mérite de leur découverte en vaut la peine.',21,7.1,'2019-05-02','2013-04-02 16:51:24','2013-04-02 16:51:24'),
	(317,19,'1779190','Coup de foudre à Beverly Hill','La mère de Leonard vient passer quelques jours chez lui et à sa grande surprise, comme celle de Penny et Sheldon, se montre attentionnée et intéressée par la vie de son fils. Raj apprend qu\'Anu a une opportunité de s\'installer à Londres et pense à la rejoindre, mais Howard doute de l\'avenir de cette relation.',22,7.3,'2019-05-09','2017-08-11 08:56:11','2017-08-11 08:56:11'),
	(318,19,'1786931','Le Constant change','Sheldon et Amy ont confirmation qu\'ils sont lauréats du prix Nobel de physique. La nouvelle fait vite le tour de l\'entourage des scientifiques. Sheldon peine à gérer l\'attention soudaine dont il est le sujet et n\'appréçiant pas le changement, fuit quans Amy décide de changer son image.',23,7.6,'2019-05-16','2006-01-20 20:58:08','2006-01-20 20:58:08'),
	(319,19,'2767846','Clap de fin !',NULL,24,8.0,'2019-05-16','2000-12-23 03:30:38','2000-12-23 03:30:38'),
	(320,20,'1118406','Cécile','Cécile de France est pressentie pour jouer dans une grosse production hollywoodienne. Quand Gabriel, son agent, apprend qu’elle est finalement écartée à cause de son âge, il n’ose pas lui avouer la nouvelle... C’est Camille, jeune assistante fraîchement débarquée à Paris, qui va sans le savoir gaffer et révéler la vérité à Cécile. Se sentant trahie par son agent, Cécile quitte l’agence... mais Mathias s’arrange pour la récupérer, volant ainsi sa star préférée à Gabriel. Désormais conseillée par Mathias, jusqu\'où Cécile est-elle prête à aller pour finalement décrocher ce rôle ?',1,7.5,'2015-10-14','2017-09-28 16:12:51','2017-09-28 16:12:51'),
	(321,20,'1131476','Line et Françoise','Très affectée par la mort de Samuel Kerr, son agent, Françoise Fabian décide de se retirer d’un projet de film, à quelques jours du tournage. Représentant le réalisateur du film, Andréa essaye à tout prix de la convaincre de revenir, sans savoir que Gabriel a proposé le rôle à Line Renaud, qui a accepté...',2,7.3,'2015-10-14','2004-09-04 03:26:05','2004-09-04 03:26:05'),
	(322,20,'1131477','Nathalie et Laura','Nathalie Baye et sa fille Laura Smet sont envisagées par une célèbre réalisatrice suédoise pour jouer toutes les deux dans son prochain film. Mais à l’idée de passer plusieurs mois de tournage ensemble, 24 heures sur 24, sur une île au fin fond des fjords, la mère et la fille prennent peur. Elles craignent de s’écharper et de mettre en péril leur relation...',3,7.7,'2015-10-21','2018-06-22 15:31:34','2018-06-22 15:31:34'),
	(323,20,'1131478','Audrey','Audrey Fleurot, mère de deux enfants en bas âge, peine à laisser ses enfants pour reprendre son métier d’actrice. Mais l’administration fiscale lui réclamant deux ans d\'impôts impayés, elle finit par accepter le rôle d\'une strip-teaseuse militante écologiste, trouvé par Mathias...',4,7.7,'2015-10-21','2011-11-08 18:44:34','2011-11-08 18:44:34'),
	(324,20,'1131479','Julie et Joey','Julie Gayet et JoeyStarr jouent ensemble dans un film d’époque. Alors que leurs personnages - une marquise et son domestique - sont censés vivre une passion torride, sur le tournage, c’est tout le contraire. Ils se détestent et ça se voit ! Gabriel et Andréa, leurs agents, sont appelés à la rescousse pour sauver le tournage...',5,5.8,'2015-10-28','2014-11-11 02:00:27','2014-11-11 02:00:27'),
	(325,20,'1131480','François','Engagé pour jouer Dom Juan au théâtre, François Berléand refuse de se plier aux exigences du jeune metteur en scène branché qui le dirige : \"non, il ne sautera pas dans une piscine sur scène !\" Il trouve cela vulgaire et indigne du texte de Molière. Alors que la pièce est sur le point de s’arrêter, Andréa découvre la véritable raison de son refus. Elle va devoir calmer le jeu...',6,7.7,'2015-10-28','2005-04-03 13:08:18','2005-04-03 13:08:18'),
	(326,21,'1304830','Virginie et Ramzy','À cause d\'une photo compromettante, Mathias est tiraillé entre Virginie Efira et Ramzy Bédia, partenaires à la ville comme à l\'écran. Andréa courtise un investisseur.',1,7.3,'2017-04-19','2009-06-12 12:53:39','2009-06-12 12:53:39'),
	(327,21,'1304831','Fabrice et Christophe','Grosse tension entre ASK et StarMédia, l’agence concurrente… À peine arrivé dans son bureau de nouveau patron, le très susceptible Hicham Janowski exige qu’Andréa aille voler la plus grosse star de leurs rivaux : Fabrice Luchini !',2,7.7,'2017-04-19','2014-11-04 15:59:06','2014-11-04 15:59:06'),
	(328,21,'1304832','Norman','Norman, encouragé par Gabriel, s’apprête à changer de registre en tenant le premier rôle dans un film d’auteur sombre et exigeant. Mais pour pouvoir jouer dans le film, il doit d’abord passer son permis de conduire. Ce qui apparaissait comme une simple formalité devient une vraie galère, qui révèle les peurs profondes du jeune comédien...',3,7.7,'2017-04-26','2011-06-20 18:53:24','2011-06-20 18:53:24'),
	(329,21,'1304833','Isabelle','Isabelle Adjani rêve de rencontrer le jeune réalisateur prodige Sacha Hartman, de passage à Paris. Or, ce dernier la fuit comme la peste ! Une grosse bourde de Mathias pourrait bien être à l’origine de cette situation électrique...',4,8.0,'2017-04-26','2008-09-24 15:19:27','2008-09-24 15:19:27'),
	(330,21,'1312316','Guy et Julien','Gabriel est en panique : son client, Guy Marchand, a eu un trouble de mémoire lors du premier jour de tournage de son nouveau film. Sa participation au film est remise en cause, car les assurances pourraient bien ne plus couvrir l’acteur. Arlette, qui dans le passé a vécu une grande histoire d’amour avec Guy Marchand, va devoir intervenir...',5,8.0,'2017-05-10','2001-04-22 07:39:43','2001-04-22 07:39:43'),
	(331,21,'1312317','Juliette','Juliette Binoche a été choisie pour être maîtresse de cérémonie au festival de Cannes, et débarque donc sur la Croisette accompagnée de son agent Andréa. Mais, fougueuse et maladroite, l\'actrice a tendance à déborder le cadre du protocole so glamour de la cérémonie... Rien ne va se passer comme prévu !',6,8.0,'2017-05-10','2017-02-21 03:15:06','2017-02-21 03:15:06'),
	(332,22,'1602867','Jean','L’approche du bilan de fin d’année met l’agence en ébullition. Andréa est sur le point de dépasser Mathias quand elle découvre que Jean Dujardin, son client, est resté coincé dans la peau du personnage de son film, un soldat déserteur de 1914, et qu’il vit dans la forêt depuis la fin du tournage. Elle va devoir le ramener à la réalité et le convaincre de redevenir lui-même pour commencer le tournage de sa prochaine comédie.',1,7.7,'2018-11-14','2008-03-02 03:37:39','2008-03-02 03:37:39'),
	(333,22,'1620736','Monica','Gabriel, en dépression depuis sa séparation avec Sophia, fait traîner ses contrats depuis des mois. Poussé par Hicham qui l’a mis sous tutelle, il retrouve Monica Bellucci pour un contrat publicitaire, mais c’est surtout de conseils sentimentaux dont sa cliente a besoin. Alors qu’elle lui explique qu’elle rêve de rencontrer un « homme normal », son regard sur son agent se met à changer...',2,7.3,'2018-11-14','2014-04-25 05:35:37','2014-04-25 05:35:37'),
	(334,22,'1620737','Gérard','Quand un jeune comédien talentueux mais sans expérience est pris comme partenaire de Gérard Lanvin sur son prochain film suite à une bourde de Camille, Mathias va devoir gérer l’ego de son acteur quitte à se mettre en porte-à-faux vis-à-vis de sa fille.',3,8.0,'2018-11-21','2003-01-16 08:11:55','2003-01-16 08:11:55'),
	(335,22,'1620738','Isabelle','Isabelle Huppert accepte tous les projets qui la passionnent, absolument tous. Et pour Gabriel, son agent, cela veut dire accepter des arrangements d’emploi du temps à la limite de l’impossible. Surtout quand un film américain refuse catégoriquement qu’elle partage son temps sur un autre projet.',4,8.3,'2018-11-21','2014-10-26 04:20:16','2014-10-26 04:20:16'),
	(336,22,'1620739','Béatrice','Quand un réalisateur tente de forcer Béatrice Dalle à se mettre nue dans une scène non prévue, l’actrice voit rouge et quitte le plateau. Elle est prête à tout pour le cinéma et l’a prouvé à de nombreuses reprises, mais jamais sous la contrainte. Andréa va devoir faire comprendre au réalisateur que c’est dans un rapport d’égal à égal qu’il devra faire son film.',5,8.3,'2018-11-28','2020-08-08 04:57:19','2020-08-08 04:57:19'),
	(337,22,'1620740','ASK','Alors que nos agents fêtent les 30 ans d’ASK en présence de leurs stars, l’agence est au bord du démantèlement. Ayant découvert qu’Isabelle Huppert avait tourné dans un autre film, les producteurs américains réclament une énorme somme d’argent à l’agence en dédommagement. Pour éviter cela, nos agents tentent le pari fou de leur faire croire que c’était une autre Isabelle Huppert qui était présente ce soir-là.',6,8.3,'2018-11-28','2017-06-14 15:24:27','2017-06-14 15:24:27'),
	(338,23,'2337660','Charlotte','Tandis que les suspicions vont bon train sur l’avenir professionnel de Mathias, dont on ne sait s’il va rejoindre la concurrence ou monter sa propre agence, Andréa est complètement débordée par ses nouvelles responsabilités de Directrice Générale d’ASK. Elle n’a en effet plus le temps d’accompagner ses talents aussi scrupuleusement que par le passé et se retrouve à mentir à Charlotte Gainsbourg à propos d’un projet qu’elle n’a pas lu. Quand elle se rend compte que le scénario est très mauvais, il est trop tard : son actrice a déjà dit oui. Andréa doit alors trouver à tout prix une porte de sortie pour Charlotte et le fait que le réalisateur du film soit le meilleur ami de cette dernière ne va pas lui faciliter les choses.',1,6.7,'2020-10-21','2014-02-25 04:09:41','2014-02-25 04:09:41'),
	(339,23,'2337661','Franck','Depuis que Mathias a révélé lors de la Cérémonie des César qu’il devenait producteur chez Mediawan, c’est le branle-bas de combat chez ASK pour conserver ses talents. Sous haute pression d’Andréa qui remue ciel et terre pour sauver l’agence, Gabriel est dépêché sur le tournage en cours de Franck Dubosc pour le convaincre de travailler avec lui. Il pense rencontrer un acteur ravi de faire son « Tchao Pantin » mais trouve une star frustrée par le film, en conflit ouvert avec son jeune partenaire et qui reproche à ASK de l’avoir mis dans cette situation impossible. Obligé de se racheter aux yeux de Franck, Gabriel va s’efforcer de lui prouver qu’il est l’agent qu’il lui faut, au risque d’aggraver les tensions qui agitent déjà le tournage.',2,8.5,'2020-10-21','2011-01-20 13:53:08','2011-01-20 13:53:08'),
	(340,23,'2337662','José','Face à la fuite des talents de Mathias, Andrea n’a d’autre choix que de laisser entrer la concurrence directement dans les rangs d’ASK... bien que ça ne soit pas au goût de toute l’équipe. Elle doit par ailleurs s’occuper de José Garcia qui semble incontrôlable depuis qu’il a retrouvé son amour de jeunesse sur un tournage : pour assurer la bonne tenue du film et protéger son acteur, Andréa doit enquêter sur ce qui s’est véritablement passé entre les des deux amants et comprend peu à peu que José ne lui a peut-être pas dit toute la vérité…',3,9.0,'2020-10-28','2016-04-20 02:16:54','2016-04-20 02:16:54'),
	(341,23,'2337663','Sandrine','Tandis que Camille doit affronter Mathias pour les droits d’adaptation du plus grands succès littéraire de l’année, Gabriel doit convaincre Sandrine Kimberlain de ne pas mettre en péril sa carrière en se lançant dans le stand up. Ne pouvant lui dire trop directement qu’elle n’excelle pas dans cette discipline, il tente de l’amener délicatement à la raison en faisant notamment appel à Muriel Robin pour lui expliquer l’âpreté d’une vie d’humoriste. Malheureusement pour l\'agent, ces détours s\'avèrent inefficaces et il voit s’approcher de plus en plus dangereusement le premier one-roman show de son actrice.',4,9.0,'2020-10-28','2000-03-22 04:38:46','2000-03-22 04:38:46'),
	(342,23,'2337664','Sigourney','En arrivant à Paris pour tourner le prochain film de Guillaume Galliene, Sigourney Weaver découvre que ce n’est pas Gaspard Ulliel qui doit jouer son amant mais un acteur octogénaire. Terriblement déçue et vexée, elle veut rentrer aux Etats-Unis mais Andréa la convainc in extremis de rester… sans pour autant la faire renoncer à son histoire d’amour cinématographique avec Gaspard. Elle redouble alors de ruse pour arriver à ses fins et fait tourner l’équipe en bourrique tandis que l’agence est à nouveau victime d’une trahison inattendue : la divulgation d’informations compromettantes qui risquent de faire fuir leurs dernières stars.',5,9.5,'2020-11-04','2020-04-08 08:45:47','2020-04-08 08:45:47'),
	(343,23,'2337665','Jean','Attaqué, trahi, le bateau ASK prend l’eau de toute part. L’équipe s’efforce d’écoper jusqu’au bout et pense à Jean Reno pour un dernier baroud d’honneur avant le naufrage… mais Andréa apprend que l’acteur du Grand Bleu a décidé de mettre un terme à sa carrière. Alors que tout espoir semble avoir disparu, l’agence doit donc se réunir à nouveau face à cet ultime défi et convaincre Jean de trouver ensemble une fin digne de leur amour du cinéma.',6,8.5,'2020-11-04','2009-04-12 20:52:16','2009-04-12 20:52:16'),
	(344,24,'1112644','Le Premier Jour','Un train déraille le jour de l’inauguration du nouveau service des urgences du Chicago Med. Le docteur Connor Rhodes, le nouvel urgentiste présent à bord du train, arrive en plein massage cardiaque de Jorge Mendelez qu’il refuse de laisser à Will Hastead, résident du service. Celui-ci prend en charge Gina, inconsciente, mère porteuse du couple Donahue, pendant que Nathalie Manning s’occupe de Rachel, une fillette à la jambe cassée qui réclame son papa. April Sexton et Maggie Lockwood, les infirmières, promettent de le retrouver. Après avoir stabilisé Jorge malgré la maladresse de Sarah Reese, l’interne, Rhodes prend en charge Jamie, un jeune homme atteint de la mucoviscidose, habitué du Chicago Med.',1,6.7,'2015-11-17','2015-05-01 00:56:08','2015-05-01 00:56:08'),
	(345,24,'1135905','À tort ou à raison','Lorsqu’une adolescente est retrouvée inconsciente à proximité de l’hôpital après avoir abandonné son bébé tout juste né, Ethan, Natalie et Connor ont des avis très partagés sur la question. Après avoir renvoyé chez lui un patient qui semblait hypocondriaque, Will se voit avec stupéfaction devoir opérer ce même patient en urgence à cause d’un infarctus. Sarah et Charles s’occupent d’une dame âgée qui présente des symptômes de démence sénile. Connor reçoit une visite inattendue.',2,7.2,'2015-11-24','2004-05-18 21:15:55','2004-05-18 21:15:55'),
	(346,24,'1135906','L\'Alternative','Connor découvre qu’un patient gravement blessé est un vieil ami de sa famille. Il revoit son père et sa sœur, dont il s’était éloigné. Tout le monde apprend alors que Connor est le fils de Cornelius Rhodes, le propriétaire du plus grand magasin de la ville. Will essaie de se faire pardonner auprès de Natalie. Il lui demande son aide pour une violoniste qui souffre d’une perte brutale de l’audition. Il apprend que la musique est la passion cachée de Natalie.',3,7.7,'2015-12-01','2018-08-24 19:43:45','2018-08-24 19:43:45'),
	(347,24,'1135907','Héros d\'un jour','Une fusillade a lieu dans un cinéma. Les urgences du Chicago Med sont saturées. Une jeune maman décède après avoir été piétinée dans la panique. Ayant fait don de ses organes, ils sont prélevés et emportés pour être greffés à des malades dans le pays. Le tireur est neutralisé par Richard Miller, un civile armé, dont l’héroïsme est instantanément loué par les médias et les réseaux sociaux. Le tireur, Peter Wallace, un jeune homme âgé de 17 ans, arrive, entre la vie et la mort. Seule une greffe de foie pourrait le sauver.',4,7.2,'2015-12-08','2002-09-27 01:54:27','2002-09-27 01:54:27'),
	(348,24,'1137456','Erreur de diagnostic','CROSSOVER:  \"L\'âme du 51\" (Chicago Fire S04E10) (1) / \"Erreur de diagnostic\" (Chicago Med S01E05) (2) / \"Serment d\'hypocrite\" (Chicago P.D. S03E10) (3)\n\nRhodes et Zanetti opèrent en urgence Hermann, dont l\'état s\'est aggravé. Jay, le frère policier de Will, l\'interroge sur les premiers soins de Rhodes. La réponse de Will aggrave ses doutes et ceux de ses amis pompiers. Remis en cause, Rhodes se dispute avec Zanetti. Deux patientes sous chimiothérapie pour un cancer dont n\'apparaît aucune trace, sont admises dans un état grave qui se détériore sans raison. La tentative de suicide de l\'une d\'elles conduit le docteur Charles à mener son enquête, avec l\'aide de Jay. Noah, le frère de April débute son internat.',5,7.5,'2016-01-05','2001-01-14 11:21:28','2001-01-14 11:21:28'),
	(349,24,'1137457','Les Liens du sang','Le docteur Rhodes prend en charge un frère et une sœur, gravement blessés après avoir voyagé clandestinement dans le train d\'atterrissage d\'un avion. Malgré ses protestations et après la mort de son frère, la jeune femme est rapatriée de force au Mexique. Alors qu\'elle doit accoucher, le docteur Manning charge Sarah Reese d\'annoncer à des parents que leur fils est atteint d\'une maladie incurable. Le père de Connor Rhodes fait don à l\'hôpital d\'un million de dollars pour la construction d\'un nouveau service de pyschiatrie baptisé \"Elizabeth Rhodes\", du nom de son épouse décédée.',6,7.2,'2016-01-19','2010-05-20 19:39:24','2010-05-20 19:39:24'),
	(350,24,'1161332','Contre mauvaise fortune…','April doit traiter un patient atteint de «générosité compulsive» après un A.V.C. De son côté, Sam est mise en convalescence après une blessure au coude et se dispute avec Connor à propos de son implication dans son métier. Quant à Sharon, elle met son poste en danger lorsqu’elle décide de se mouiller pour sauver la vie d’une jeune patiente en attente de greffe de moelle osseuse.',7,7.6,'2016-01-26','2004-07-23 12:10:10','2004-07-23 12:10:10'),
	(351,24,'1162975','À cœur ouvert','Un prince saoudien est admis à l\'hôpital pour une opération à cœur ouvert. C\'est le docteur Downey, chirurgien réputé, qui effectue l\'opération. Personnage excentrique mais brillant, il remarque les talents du docteur Rhodes et lui demande de l\'aider pour l\'intervention. Pendant ce temps, Natalie Manning, de retour après son congé de maternité, prend en charge une patiente de treize ans qui, d\'après son père, souffre d\'une maladie mitochondriale. Mais Will conteste ce diagnostic.',8,7.0,'2016-02-02','2015-04-25 10:49:32','2015-04-25 10:49:32'),
	(352,24,'1164913','Cas de conscience','Touché par l\'état de santé de Jennifer Baker, Will lui propose d\'intégrer l\'essai clinique du labo de Zoé. Mais la jeune femme, qui a demandé à ne pas être ranimée, refuse. Pendant ce temps, Ethan Choi soigne Olivia Gray, professeur de mathématique bipolaire dont le traitement attaque l\'organisme. De son côté, le docteur Downey intervient au bloc sur l\'un des patient de Rhodes et lui propose de devenir son assistant, mais ce dernier rejette l\'offre.',9,7.2,'2016-02-09','2003-02-08 06:57:34','2003-02-08 06:57:34'),
	(353,24,'1166350','Entre deux','Will se fait rappeler à l’ordre par Sharon après qu\'il ait décidé de réanimer Jennifer Baker contre sa volonté. Empêtrée dans ses choix d’internat, Sarah reçoit l’aide d’April et de Maggie. Ethan et Sarah doivent traiter un jeune patient, joueur de hockey, qui semble souffrir d’une maladie héréditaire. De son côté, Connor a du mal à suivre le rythme imposé par le docteur Downey, ce qui affecte sa relation avec Sam. Natalie et Will sont en désaccord à propos d’un patient qui souffre de diabète.',10,7.2,'2016-02-16','2021-05-02 20:12:16','2021-05-02 20:12:16'),
	(354,24,'1168893','Le Choix du patient','Madame Baker est atteinte d\'un cancer à un stade avancé, elle décide de poursuivre l\'hôpital et le docteur Will Halstead qui avaient décidé de la réanimer contre sa volonté. Après avoir examiné un patient trouvé inconscient chez lui, Connor et Reese comprennent qu\'il souffre d\'une grave maladie qui le condamne à brève échéance. Reese apprend que ce patient était suivi par le docteur Unger, mais qu\'il n\'a pas su diagnostiquer sa maladie à temps. Elle découvre également que ce médecin n\'en est pas à sa première erreur médicale et elle décide d\'en parler à Goodwin. Ken Gallagher ne supporte plus le dispositif d\'assistance ventriculaire qui soutient l\'activité de son coeur. Il demande à Connor de lui retirer.',11,7.6,'2016-02-23','2004-09-02 02:07:18','2004-09-02 02:07:18'),
	(355,24,'1174582','Les Faux Coupables','Maggie s\'interpose lorsqu\'un policier insiste pour prélever du sang à un jeune homme coupable de conduite en état d’ivresse. Et elle finit en garde à vue. Sharon va faire tout son possible pour tirer son amie de ce mauvais pas. Pendant ce temps, les urgences ne désengorgent pas et April, qui remplace Maggie, est débordée. Pour Natalie, il semble que le bébé qu\'elle soigne, présente les symptômes du bébé secoué. Quant à Sarah et le Docteur Charles, ils soignent un avocat, Monsieur Dietrich, pour lequel le docteur Charles fait un diagnostic qui semble plus que hâtif…',12,7.6,'2016-03-29','2005-06-15 13:32:55','2005-06-15 13:32:55'),
	(356,24,'1183638','Une partie d\'un tout','Halstead et Goodwin doivent annoncer au mari d\'une femme en état de mort cérébrale souhaitant collecter ses ovules, qu\'elle portait un stérilet. Le docteur Charles propose son aide à l\'un des patients du docteur Choi qui a tenté de se couper le bras. April se rapproche du père d\'un petit garçon qui a avalé des aimants. Sarah, qui attend et redoute son affectation, trépane un patient sur ordre de Choi et lui sauve la vie. La belle-mère de Natalie insiste pour qu\'Owen soit baptisé.',13,6.6,'2016-04-05','2020-09-26 06:09:26','2020-09-26 06:09:26'),
	(357,24,'1183639','Frères d\'armes','Un patient se blesse volontairement à l\'accueil des urgences pour être admis à l\'hôpital. Il prétend entendre son cœur battre dans sa tête. Le docteur Choi pense au départ qu\'il s\'agit d\'un stress post-traumatique lié à la guerre. Mais après des examens, il comprend que l\'origine de ses souffrances est bien physique, mais aucun traitement n\'est possible. Le docteur Manning soupçonne un père de maltraitance sur son fils. Elle demande son avis au docteur Charles qui comprend que le garçon est en réalité victime de son frère aîné, âgé de dix ans. Il en parle à leurs parents qui font preuve d\'un déni catégorique.',14,7.4,'2016-04-19','2020-01-26 09:15:39','2020-01-26 09:15:39'),
	(358,24,'1189165','Héritage du passé','Lorsqu’April découvre que Noah revend des poches de vitamines aux amis footballeurs de Tate, elle remet en question sa relation avec ce dernier. Natalie et le docteur Charles traitent une adolescente qui ressent de vives douleurs à l’estomac. Pourtant, elle refuse toute forme de drogue, de peur de devenir dépendante comme son père, toxicomane. Sarah et Will doivent soigner Andy, une vieille connaissance de Will, qui le tyrannisait au lycée.',15,7.8,'2016-04-26','2009-05-28 13:16:06','2009-05-28 13:16:06'),
	(359,24,'1189166','Au milieu du désordre','Le JCAHO, la commission de contrôle des hôpitaux de Chicago, est en visite d\'inspection au Chicago Med. Les capacités d\'un patient souffrant d\'une forme de démence dégénérative dont l\'état nécessiterait une chirugie cardiaque intriguent le docteur Charles, qui demande à Rhodes un examen complémentaire. La gestion d\'un grain radioactif de curiethérapie expulsé par un patient désorganise les urgences.',16,7.0,'2016-05-03','2010-09-02 04:37:05','2010-09-02 04:37:05'),
	(360,24,'1190138','Effets de manque','Un patient est admis avec une fracture du tibia mais dès son arrivée, il est victime d\'une crise de délire due à l\'abus d\'alcool. Will décide alors de profiter de son séjour à l\'hôpital pour mettre en place un protocole de désintoxication, mais le patient refuse et son état de santé se dégrade gravement.',17,6.8,'2016-05-10','2018-11-08 13:40:09','2018-11-08 13:40:09'),
	(361,24,'1190139','Fin de parcours','Alors que Sarah s’apprête à se rendre avec Joey à sa cérémonie de remise de diplôme, une question plus importante la taraude : est-elle vraiment faite pour la pathologie ? Toute l’équipe des urgences est affectée en voyant arriver le docteur Downey sur un brancard. Très vite, Connor apprend qu’une tumeur s’est développée dans son cerveau et qu’on ne peut pas l’opérer.',18,8.2,'2016-05-17','2020-10-22 10:10:50','2020-10-22 10:10:50'),
	(362,25,'1218140','La Médecine de l\'âme','Le premier jour en tant que chef des résident, n\'est pas très facile pour le Dr Choi. Le Dr Rhodes devient l\'élève du Dr Latham, pour poursuivre son internat en cardio-chirurgie. Deux patients arrivent au Chicago Med, une fille enceinte et son père. Le Dr Charles propose au Dr Reese de devenir interne en psychiatrie, ils s\'occupent tous les deux d\'une adolescente qui serait suicidaire.',1,7.2,'2016-09-22','2003-05-21 11:15:20','2003-05-21 11:15:20'),
	(363,25,'1219547','Cruels dilemmes','Les docteurs Manning et Rhodes sont chacun de leur côté chargés de soigner deux bébés malades. Il apparaît rapidement que les deux cas ont des origines communes. Pendant ce temps, les docteurs Halstead et Charles s\'occupent d\'un sans-abri, qui est doté d\'un caractère particulièrement optimiste. La joie de vivre du vagabond va faire réfléchir plusieurs membres du corps médial sur le sens de la vie. D\'autre part, le docteur Reese tente encore et toujours de s\'adapter à son nouveau titre...',2,7.0,'2016-09-29','2007-06-24 14:18:32','2007-06-24 14:18:32'),
	(364,25,'1219546','À première vue','Le docteur Manning et Jeff Clarke, un étudiant en quatrième année de médecine, prennent en charge un Indonésien. Atteint d\'une maladie mystérieuse il est arrivé à l\'hôpital dans un état critique. Toute communication est quasiment impossible avec le patient, puisqu\'il ne parle pas anglais. Pendant ce temps, de sombres secrets refont surface lorsque Maggie insiste auprès du docteur Halstead pour qu\'il l\'accompagne à une réunion familiale. De son côté, le docteur Rhodes entreprend une chirurgie cardiaque compliquée sans consulter le docteur Latham...',3,7.0,'2016-10-06','2016-08-12 15:53:19','2016-08-12 15:53:19'),
	(365,25,'1224776','Danger biologique','Le docteur Choi se retrouve face à un dilemme. Il reçoit un patient âgé nécessitant une intervention chirurgicale urgente. Son fils s\'oppose formellement à cette opération, prétextant que son père avait formulé des instructions précises à ce sujet. Pendant ce temps, les docteurs Manning et Halstead tentent de maîtriser une épidémie qui se propage rapidement à de nombreux patients. La fille du docteur Charles rejoint le département d\'épidémiologie afin de leur prêter main forte...',4,7.0,'2016-10-13','2004-09-16 05:46:57','2004-09-16 05:46:57'),
	(366,25,'1227249','Mesures extrêmes','Un accident de la route survient au cours du marathon de Chicago, mettant à rude épreuve les nerfs du docteur Halstead, d\'April et du résident Noah. Ils se voient contraints d\'exécuter directement sur place des procédures compliquées. Pendant ce temps, une mère paniquée arrive accompagnée de sa fillette âgée de 8 ans. Elle souffre d\'une perte soudaine d\'audition. De son côté, Goodwin prend des mesures radicales. Il est déterminé à mettre de l\'ordre dans sa vie privée...',5,7.4,'2016-10-20','2009-05-22 06:41:25','2009-05-22 06:41:25'),
	(367,25,'1228815','Les Petits Génies','Le docteur Reese reçoit la visite d\'un ancien patient qui se retrouve impliqué dans un réseau de prostitution. Il prend contact avec le docteur Charles et le détective Erin Lindsay, afin qu\'ils l\'aident à s\'en sortir. Pendant ce temps, le docteur Manning ne sait pas comment annoncer aux parents d\'un jeune patient atteint d\'un cancer, que la maladie a atteint un stade critique. Entre-temps, des passionnés de sciences impressionnent le docteur Choi et Natalie avec leurs expériences hors du commun...',6,7.2,'2016-10-27','2009-10-03 18:20:26','2009-10-03 18:20:26'),
	(368,25,'1230787','Premier amour','Sharon, ainsi que les docteurs Choi et Manning, n\'arrivent pas à se mettre d\'accord au sujet du traitement approprié à donner à un patient, arrivé à l\'hôpital dans un état critique. D\'importantes tensions ne tardent pas à toucher l\'équipe, d\'autant plus que l\'homme qui a été hospitalisé s\'avère être l\'amour d\'enfance de Sharon. De son côté, le docteur Reese continue à aider Danny. Pendant ce temps, le docteur Charles tente d\'empêcher un acte chirurgical que le docteur Rhodes estime nécessaire...',7,5.9,'2016-11-03','2007-08-15 19:33:53','2007-08-15 19:33:53'),
	(369,25,'1232811','Libre arbitre','Les docteurs Halstead et Manning cherchent un donneur pour un patient qui a besoin d\'une greffe de rein en urgence. Le frère du malade pourrait être compatible, mais il est porteur du VIH. April découvre qu\'elle est enceinte, mais craint que son traitement ne porte préjudice à la santé du bébé. Pendant ce temps, les docteurs Rhodes et Robyn Charles commencent à flirter un peu trop au goût du père de Robyn...',8,7.2,'2016-11-10','2016-09-15 21:17:52','2016-09-15 21:17:52'),
	(370,25,'1240305','Le Dernier Combat','Sharon charge le docteur Charles d\'ausculter un patient susceptible d\'obtenir une greffe de coeur. Pendant ce temps, Jeff fait une confession au docteur Manning. Entre-temps, deux combattants MMA arrivent à l\'hôpital dans un état grave et sont pris en charge par le docteur Choi. De retour de son congé sabbatique, le docteur Stohl donne un avis médical totalement différent sur le patient traité par le docteur Halstead. April découvre que le traitement qu\'elle va devoir suivre pourrait avoir de graves répercussions sur sa grossesse...',9,6.8,'2017-01-05','2001-10-17 03:24:32','2001-10-17 03:24:32'),
	(371,25,'1252194','Rechute','Le docteur Halstead tente de soigner un jockey peu coopérant, souffrant de troubles alimentaires sérieux. Pendant ce temps, Maggie reçoit à l\'hôpital l\'officier qui l\'avait arrêtée pour troubles à l\'ordre public. L\'agent, gravement blessé, décède peu après. La famille décide de faire don de ses organes mais demande à ce que Maggie soit retirée du dossier...',10,7.0,'2017-01-12','2017-02-06 19:20:08','2017-02-06 19:20:08'),
	(372,25,'1252195','Équipe de nuit','Le service s\'annonce interminable pour l\'équipe de nuit de l\'hôpital, et plus particulièrement pour le docteur Reese, qui doit annoncer le décès de plusieurs patients à leurs familles. Une épreuve très éprouvante pour elle. Quant à April, elle est appelée à reprendre le travail, ce qui n\'est pas sans inquiéter Tate, qui lui demande de ralentir le rythme. Pendant ce temps, Sharon demande à Connor de l\'assister pour effectuer une opération aussi délicate que surprenante : celle d\'un panda...',11,7.3,'2017-01-19','2021-04-14 20:57:49','2021-04-14 20:57:49'),
	(373,25,'1255618','Effet miroir','Les docteurs Charles et Manning soignent un patient dont la fille, adolescente, présente exactement les mêmes symptômes que lui, sans cause physiologique. Les deux médecins sont perplexes. Pendant ce temps, le docteur Choi et Jeff se retrouvent dans une situation dangereuse. En radiographiant leur patient, ils découvrent en effet que celui-ci a une arme à feu chargée en haut de son rectum...',12,7.3,'2017-02-02','2012-02-08 15:38:30','2012-02-08 15:38:30'),
	(374,25,'1258315','Être et rester soi-même','Le docteur Manning prend en charge un jeune patient atteint d\'un cancer, qui n\'a pas suivi correctement son traitement de chimiothérapie. Paradoxalement, le fait de ne pas avoir reçu de médication semble avoir relancé son système immunitaire, qui s\'est renforcé et a combattu seul la maladie. Pendant ce temps, les docteurs Choi, Charles et Reese s\'occupent d\'une femme qui souffre de troubles de la personnalité tout à fait inhabituels. Dans un autre établissement hospitalier, les docteurs Rhodes et Latham expérimentent un acte médical extrêmement rare...',13,6.7,'2017-02-09','2006-05-03 10:05:51','2006-05-03 10:05:51'),
	(375,25,'1260454','Jour de neige','L\'hôpital est en état d\'alerte après une arrivée massive de patients impliqués dans un carambolage provoqué par une tempête de neige. Des décisions radicales et rapides doivent être prises pour sauver certaines vies. Aussi les docteurs Manning et Halstead sont-ils contraints de demander à un homme de choisir si la transfusion de sang doit aller à son fils ou à son neveu. Pendant ce temps, le docteur Rhodes est forcé de pratiquer une césarienne sur une femme touchée par une hémorragie...',14,7.0,'2017-02-16','2013-06-23 04:25:59','2013-06-23 04:25:59'),
	(376,25,'1266957','Héros malgré lui','Un homme a fait une chute d\'un immeuble de trente étages. Il survit miraculeusement à son transport vers l\'hôpital. Le docteur Rhodes, qui a pris en charge le patient dès son arrivée, est sous pression. Il doit tout mettre en oeuvre pour le maintenir en vie. Pendant ce temps, les docteurs Choi et Manning s\'occupent d\'un malade paraplégique. Ils ont beaucoup de mal à localiser l\'infection qui le fait souffrir. Ils finissent par découvrir que l\'homme a testé un traitement expérimental, pour tenter d\'inverser sa paralysie...',15,7.2,'2017-03-02','2013-12-17 16:03:22','2013-12-17 16:03:22'),
	(377,25,'1276239','Prisonnier de son corps','Le docteur Manning se rend au chevet d\'une patiente dans le coma. Elle a été abusée sexuellement et est enceinte. De son côté, le docteur Reeds tente d\'aider une adolescente admise par erreur dans un établissement psychiatrique. Entre-temps, les docteurs Rhodes et Latham soignent une jeune fille qui s\'est évanouie en plein vol et tentent par ailleurs de sauver la mère, qui a ingéré sachets de cocaïne...',16,6.8,'2017-03-09','2005-04-16 09:15:27','2005-04-16 09:15:27'),
	(378,25,'1276240','Jour de deuil','Les docteurs Choi et Halstead sont démunis face à un patient qui présente des symptômes similaires à ceux d\'une attaque. Les médecins s\'interroge sur la nature du traitement à administrer. De son côté, le docteur Manning tente de sauver un garçon qui a fait une chute dans une rivière glacée. Pendant ce temps, le docteur Rhodes examine l\'homme qui a sauvé le patient du docteur Manning et souligne l\'importance d\'apprendre de ses erreurs au docteur Reese...',17,6.3,'2017-03-16','2000-06-24 14:15:38','2000-06-24 14:15:38'),
	(379,25,'1289933','Dire adieu','Will Halstead est amené à prendre des décisions rapides et risquées pour sauver sa patiente, qui n\'est autre que le docteur Bella Rowan, son ancien professeur et mentor. Pendant ce temps, le docteur Rhodes tente une approche expérimentale dans l\'espoir d\'éviter à son jeune patient une amputation du bras. Quant aux docteurs Charles et Reese, elles sont dans l\'incapacité d\'aider un homme, qui refuse d\'admettre ses tendances suicidaires...',18,6.8,'2017-03-30','2015-07-24 16:07:43','2015-07-24 16:07:43'),
	(380,25,'1289934','Piratage','Le chaos règne au sein de l\'hôpital. Un pirate informatique a pris la main sur la totalité des systèmes et exige une rançon pour rétablir les connexions. Les médecins s\'occupent du mieux qu\'ils peuvent des patients, sans aucune aide technologique. Le docteur Goodwin concentre tous ses efforts pour maintenir l\'ordre dans l\'établissement hospitalier. C\'est alors qu\'elle voit arriver son ex-petit ami, en compagnie d\'une jeune femme blessée. Pendant ce temps, le docteur Choi met à profit son ancienne expérience dans la Marine, pour tenter de localiser une balle qui s\'est logée dans le corps d\'un patient...',19,6.5,'2017-04-06','2012-06-26 01:15:04','2012-06-26 01:15:04'),
	(381,25,'1289935','Pulsions coupables','Le docteur Halstead demande l\'aide du docteur Rhodes pour faire admettre son père à l\'hôpital contre son gré. Celui-ci souffre en effet d\'insuffisance cardiaque. Pendant ce temps, le docteur Choi traite un adolescent, désespéré de ne pas réussir à contrôler de fortes pulsions sexuelles. Le docteur Manning est confrontée à ses propres craintes lorsqu\'elle reçoit un enfant blessé en raison de la négligence de sa mère, trop accaparée par son travail...',20,6.5,'2017-04-13','2010-11-27 19:17:40','2010-11-27 19:17:40'),
	(382,25,'1303140','Sauvez-nous !','Le docteur Rhodes se rapproche d\'une mère déterminée à aider sa fille à combattre le cancer. Pendant ce temps, le docteur Charles demande à Sarah de conduire sa fille Robin à son évaluation psychologique. Robin a en effet adopté un comportement anormal ces derniers temps, qui peut nuire à la fois à ses collègues et aux patients. Mais Charles peine à conserver son objectivité de praticien dans ce cas qui le touche personnellement de très près...',21,5.5,'2017-04-27','2018-11-18 20:17:54','2018-11-18 20:17:54'),
	(383,25,'1303141','Maître de sa propre chance','La décision d\'interner Robin pour des soins psychiatriques oppose vivement le docteur Rhodes au docteur Charles. Ce dernier requiert l\'aide du docteur Reese pour la faire sortir. Pendant ce temps, le docteur Manning sollicite le détective Jay Halstead sur le cas sensible d\'une jeune fille ayant subi une agression. Choi et April sont en désaccord au sujet du traitement à administrer à leur patient...',22,6.5,'2017-05-04','2013-02-17 18:16:19','2013-02-17 18:16:19'),
	(384,25,'1303343','Comme une évidence','Robin est de nouveau admise au service psychiatrique, mais le docteur Reese tente une nouvelle approche thérapeutique. La cause de son comportement imprévisible est découverte : il s\'agit d\'une tumeur provoquant des hallucinations. Pendant ce temps, les docteurs Halstead et Manning prennent en charge le cas d\'un réfugié syrien. L\'arrivée du nouveau médecin résident provoque des tensions au sein de l\'équipe...',23,7.0,'2017-05-11','2014-09-21 01:17:04','2014-09-21 01:17:04'),
	(385,26,'1387078','Secrets et mensonges','Les médecins de Chicago Med poussent leurs opinions à l\'extrême alors qu\'ils essayent d\'obtenir justice pour l\'attaque sur le Dr Charles. Dr Halstead et le Dr Manning travaillent sur une cas déchirant qui les oblige à ouvrir leur cœur. Bien que la tumeur au cerveau de Robin ait été retirée et qu\'elle soit sortie du centre de réadaptation, le Dr Rhodes reste sur ses gardes puisque tous les problèmes ne sont pas tout à fait résolus. Pendant ce temps, Rhodes pris au dépourvu par sa nouvelle collègue le Dr Bekkar, Maggie plaide pour un patient et le Dr Choi et April essayent de faire fonctionner leur nouvelle relation de travail.',1,6.0,'2017-11-21','2016-06-13 14:06:54','2016-06-13 14:06:54'),
	(386,26,'1394712','100% bio','Le Dr Manning prend des mesures extrêmes pour aider une femme enceinte apeurée, dont le bébé est gravement sous-développé. Avril est en colère contre le Dr Choi quand il utilise leur relation personnelle comme motif pour convaincre un patient de tenter une procédure risquée. Alors que le Dr Rhodes essaie de trouver l\'équilibre entre sa vie personnelle et professionnelle, il semble que le stress de sa situation actuelle l\'ait conduit à commettre une erreur. Dr Charles et le Dr Reese continuent d\'être en désaccord à propos leurs patients.',2,3.5,'2017-11-28','2009-09-21 10:24:34','2009-09-21 10:24:34'),
	(387,26,'1394713','Automédication','Lorsque Goodwin reçoit des plaintes financières du conseil d\'administration de l\'hôpital, elle est obligée de mettre en place de nouvelles directives qui causent des problèmes avec le médecins. Le Dr Rhodes et Ava continuent de se défier dans la salle d\'opération, tandis que le Dr Charles et le Dr Reese sont surpris lorsqu\'ils traitent un homme qui a une théorie particulière au sujet de sa maladie. Le Dr Manning et le Dr Choi n\'arrivent pas à comprendre ce qui ne va pas chez une jeune fille, ce qui les amène à se tourner vers une source douteuse pour obtenir des réponses.',3,5.0,'2017-12-05','2007-07-21 19:07:50','2007-07-21 19:07:50'),
	(388,26,'1400187','Joyeuses fêtes','Dr. Charles apprend un fait troublant au sujet de l\'homme qui lui a tiré dessus. Le Dr Rhodes et le Dr Bekker trouvent un terrain d\'entente lors d\'une chirurgie compliquée. Will et Natalie sont pris au piège par l\'éthique juridique lorsqu\'un mari infidèle refuse de parler à sa femme de son test Zika positif. Pendant ce temps, April et Noah découvrent que travailler ensemble n\'est pas toujours facile, alors que Goodwin continue de négocier avec le conseil d\'administration des coûts hospitaliers après une mort qui aurait pu être évitée.',4,6.0,'2017-12-12','2015-10-15 19:51:54','2015-10-15 19:51:54'),
	(389,26,'1412964','Des hauts et des bas','Lorsqu\'une jeune femme porteuse des symptômes du VIH et sans assurance refuse de passer le test, Goodwin et le Dr Choi tentent de la soigner sans porter préjudice aux ressources de l\'hôpital. Natalie et Will tentent de diagnostiquer une jeune fille avec une paralysie progressive. Noah fait face à son premier décès en tant qu\'interne et prend sur lui d\'informer la famille. Sarah continue d\'éviter le travail alors que sa peur de la sécurité à l\'hôpital augmente.',5,5.0,'2018-01-02','2013-05-17 12:19:51','2013-05-17 12:19:51'),
	(390,26,'1413742','Un choix irréversible','Ethan tente de diagnostiquer un homme sans symptômes, tandis que la paranoïa de Sarah devient extrême quand elle utilise un spray au poivre sur un patient agressif. Will traite un jeune couple prêt à tous les sacrifices pour avoir un bébé. Pendant ce temps, Natalie doit informer une femme qu\'elle a été stérilisée quand elle était enfant sans qu\'on ne lui ait jamais dit. Goodwin et Maggie tentent de persuader les ambulanciers d\'amener plus de patients au Chicago Med.',6,5.0,'2018-01-09','2006-07-15 09:09:15','2006-07-15 09:09:15'),
	(391,26,'1413744','Un mal pour un bien','Le Dr Charles ressent une pression lorsque le Dr Choi et le Dr Manning critiquent sa décision médicale concernant un nouveau-né malade. Le Dr Rhodes se réconcilie avec ses problèmes relationnels. Goodwin aide Bert à comprendre la maladie de Lyla.',7,6.0,'2018-01-16','2018-04-27 23:27:21','2018-04-27 23:27:21'),
	(392,26,'1417821','3000 calories','Le docteur Choi se bat pour aider une femme à faire face à l\'anorexie. Après une suspension de deux semaines, le docteur Reese est immédiatement mis à l\'épreuve à son retour par le docteur Charles. Le docteur Rhodes prend position lorsque l\'un de ses patients est transféré de force. Pendant ce temps, le docteur Halstead est en mission pour que le fils du docteur Manning l\'apprécie.',8,6.0,'2018-01-23','2008-09-09 21:03:42','2008-09-09 21:03:42'),
	(393,26,'1425187','Le Courage de lâcher prise','Après avoir découvert que la famille d\'un patient pourrait avoir été abusive, le Dr Choi et April envisagent d\'appeler les services sociaux. Le Dr Manning et le Dr Halstead éprouvent de la difficulté à voir les choses de la même façon avec une famille et leur bébé prématuré. Le Dr Rhodes est persuadé d\'effectuer une chirurgie risquée sur le mentor du Dr Bekker et chirurgien de renommée mondiale, le Dr Marvin Jaffrey. Pendant ce temps, le Dr Reese se joint au Dr Charles lors d\'une visite à la prison du comté de Cook.',9,4.0,'2018-02-06','2012-05-05 18:31:51','2012-05-05 18:31:51'),
	(394,26,'1429428','Au nom de la loi','Après avoir été témoin d\'une fusillade et avoir heurté sa tête, le Dr Manning se retrouve avec une blessure à la tête. Pour compliquer les choses, elle et le Dr Halstead traitent une patiente adolescente et son mari, bien plus âgé et autoritaire, qui pourrait ne pas faire les choses dans les meilleurs intérêts de sa jeune épouse. Le Dr Rhodes se trouve dans une situation unique après avoir appris des informations alarmantes sur la femme avec qui il a eu rendez-vous. Maggie est surprise de découvrir des choses inattendues à propos de l\'homme qu\'elle voit. Le Dr Charles est frustré lorsque le Dr Reese désobéit à ses ordres et se met en danger.',10,4.5,'2018-02-27','2016-09-09 15:50:45','2016-09-09 15:50:45'),
	(395,26,'1432561','Hystérie collective','Le docteur Choi et April traitent un patient retrouvé poignardé dans son appartement et essayent de déterminer si la cause était intentionnelle ou accidentelle. Pendant ce temps, le père du docteur Reese est en visite à Chicago et tente de se reprendre contact avec sa fille. Le docteur Manning traite un jeune patient atteint de la coqueluche. Elle découvre alors qu\'il l\'a contracté après être entré en contact avec un autre enfant n\'ayant reçu aucun vaccin dans son enfance.',11,5.0,'2018-03-06','2010-06-18 19:42:07','2010-06-18 19:42:07'),
	(396,26,'1444765','Marqué de naissance','Le docteur Manning et le docteur Choi se rendent dans un camp de sans-abri afin d\'accoucher une adolescente qui refuse de se rendre à l\'hôpital. Pendant ce temps, le docteur Halstead et April sont confrontés à une situation inconfortable lorsqu\'ils découvrent que leur patient est un pédophile.',12,5.0,'2018-03-20','2010-08-26 18:03:06','2010-08-26 18:03:06'),
	(397,26,'1448878','Des bonnes et des mauvaises surprises','Halstead et Manning sont en désaccord quand une femme prend une décision au sujet de son fils adulte végétatif ; Rhodes va derrière le dos de Bekker pour amener son patient au sommet de la liste de transplantation ; une femme dans la salle d\'attente ne se réveillera pas.',13,5.0,'2018-03-27','2021-09-04 06:29:23','2021-09-04 06:29:23'),
	(398,26,'1453546','Mesures de confinement','Au Chicago Med, une petite fille a été enlevée, l\'hôpital est donc placé en isolement. April et le docteur Choi doivent opérer un patient d\'urgence, aidés du Dr Rhodes et du docteur Bekker par téléphone. Le docteur Halstead et le docteur Manning s\'occupent d\'un patient atteint d\'un cancer mais ne sont pas d\'accord sur le traitement. Maggie se voit obligée de pratiquer une trachéotomie sur une patiente car tous les médecins sont occupés, mais cette action va avoir de graves conséquences. Pendant ce temps, le docteur Charles et le docteur Reese recherchent la femme qui a enlevé la petite fille ; ils ne sont pas d\'accord sur son profil. Le docteur Reese voit cette femme comme une psychopathe, influencée par le fait qu\'elle vient d\'apprendre que son père est un.',14,2.0,'2018-04-03','2008-10-21 16:48:06','2008-10-21 16:48:06'),
	(399,26,'1460062','Exorcisme','Alors qu\'April et le Dr Choi arrivent à l\'hôpital, ils doivent prendre en charge une jeune femme délirante, que son père a dû attacher. Le cas se complique lorsque la mère arrive et annonce que sa fille est possédée par un démon. Le Dr Charles et le Dr Reese prennent le relais sur ce cas et finissent par comprendre que la démence est dû à un traumatisme lié à son enfance. De son côté, le Dr Rhodes se bat pour que des jumelles siamoises survivent. Quant au Dr Halstead, il ne sait plus quoi faire pour reconquérir Nathalie. Suite à sa trachéotomie non autorisée, Maggie doit fournir sa licence d\'infirmière, mais celle-ci est dépassée. Elle demande à Barry de l\'aider à la falsifier. Emily, la sœur du Dr Choi a été expulsé de chez elle, et vient habiter chez son frère, qui doute de son comportement.',15,5.5,'2018-04-10','2020-01-16 05:13:38','2020-01-16 05:13:38'),
	(400,26,'1461079','Une vérité qui dérange','Sharon Goodwin doit faire face à l\'arrivée de son filleul aux urgences, accompagné d\'un autre jeune homme. Ils sont tous les deux gravement brûlés et la responsabilité de l\'incendie est encore à déterminer. Le père de Sarah est hospitalisé, à cause de problème de cœur, et cette dernière ne sait pas si elle doit aller lui rendre visite. Le Dr Rhodes et le Dr Bekker pratiquent une opération qui se déroule bien, mais juste avant de refermer le patient, l\'équipe se rend compte qu\'il manque un instrument chirurgical, probablement oublié dans le corps du patient. Le dr Manning s\'occupe d\'une fillette de 8 ans, arrivée aux urgences suite à un mal de ventre. il s\'avère que la petite fille est porteuse d\'une anomalie génétique, se sont la présence de testicules dans son bas ventre qui la font souffrir. Quant à April et Noah, ils s\'occupent d\'un patient mourant, qui n\'a qu\'une volonté, revoir son fils avant de mourir.',16,5.7,'2018-04-17','2001-04-22 03:24:53','2001-04-22 03:24:53'),
	(401,26,'1464895','Parents modèles','Après l\'admission d\'un garçon de 10 ans à l\'hôpital, le Dr Manning et le Dr Halstead sont en désaccord sur la façon de traiter les parents du garçon; le Dr Rhodes se précipite pour fixer un cœur qui sera donné au père du Dr Reese.',17,6.5,'2018-04-24','2002-07-01 10:23:39','2002-07-01 10:23:39'),
	(402,26,'1469564','Fusillade meurtrière','Une fusillade a eu lieu dans un parc de Chicago. Les urgences du chicago med sont prises d\'assaut. Tout le personnel est réquisitionné. Mais au vue du nombre de patients à traiter, le service est vite débordé. Pour être plus efficace, le Dr Choi propose un autre système d\'accueil. Nathalie est inquiète car son fils Owen et sa nounou devaient se trouver au parc au moment de la fusillade et elle n\'a aucune nouvelle. Jay, le frère de Will, est venu enquêter aux urgences, car il pense que le tireur fait partie des blessés.',18,4.7,'2018-05-01','2019-09-07 05:12:33','2019-09-07 05:12:33'),
	(403,26,'1472662','Doutes et certitudes','Le Dr Manning se précipite pour sauver un jeune garçon atteint de la grippe; April soupçonne la sœur du Dr Choi de voler des analgésiques opioïdes; Dr Rhodes et le Dr Bekker sont en désaccord sur le meilleur traitement pour une patiente cardiaque qui est enceinte de 21 semaines.',19,7.0,'2018-05-08','2000-01-01 10:12:21','2000-01-01 10:12:21'),
	(404,26,'1477733','Point de chute','Le docteur Rhodes hésite à se retirer du cas des frères siamois pour les séparer.\n\nLe docteur Choi et April font une découverte surprenante au sujet de sa sœur.\n\nLe docteur Charles découvre des informations troublantes concernant le père du docteur Reese.',20,8.0,'2018-05-15','2012-03-18 12:33:32','2012-03-18 12:33:32'),
	(405,27,'1510370','Âme soeur','Sharon commence immédiatement à se heurter au nouveau directeur de l\'exploitation de l\'hôpital lorsque le Dr Rhodes demande à avoir une salle d\'opération au service des urgences. Pendant ce temps, le Dr Charles doit faire face aux retombées de l\'accident du père du Dr Reese, ce qui a aura des connaissances inattendues. Le Dr Manning accepte la demande en mariage du Dr Halstead et commence immédiatement à discuter des projets de mariage. Le Dr Bekker fait tout ce qui est en son pouvoir pour que le Dr Rhodes reste à Chicago. De son côté, le Dr Choi essaie de convaincre April que sa sœur n\'abuse pas de la drogue.',1,6.0,'2018-09-26','2017-10-26 08:19:01','2017-10-26 08:19:01'),
	(406,27,'1569422','Syndrome post-traumatique','Les médecins et les infirmières du Chicago Med se retrouvent en grosse difficulté quand un grand nombre de patients arrivent, suivant l\'éffroyable incendie d\'un immeuble. Le docteur Rhodes se bat pour sauver la vie d\'un membre des pompiers, pendant que le docteur Halstead et son frère Jay ont leur propre combat à mener.',2,1.0,'2018-10-03','2002-02-08 03:24:33','2002-02-08 03:24:33'),
	(407,27,'1574766','Choix cornéliens','Quand un enfant malade est amené, Ethan doit prendre une décision importante et se retrouve rapidement dans une situation compliquée et dangereuse. Connor et Maggie sont testés pendant que Natalie et Ethan ne sont pas sûrs de ce qu\'ils doivent faire d\'Elsa, la nouvelle étudiante de 3ème année.',3,5.0,'2018-10-10','2009-11-10 01:53:18','2009-11-10 01:53:18'),
	(408,27,'1582160','Impasse','Le docteur Halstead reçoit une visite imprévue de la police de Chicago pendant qu\'Ethan est septique à propos d\'une femme avec des douleurs chroniques. Natalie s\'occupe d\'un patient atteint de cancer dont le frère a de fortes raisons à ne pas l\'aider.',4,0.0,'2018-10-17','2020-07-04 09:10:36','2020-07-04 09:10:36'),
	(409,27,'1597862','Des secrets bien gardés','Quand les choses deviennent compliqués, Will est forcé de mentir à Natalie. Ethan et April découvrent des informations compromettantes à propos du petit-ami d\'Emily et Ava n\'est pas sûre de savoir quoi faire avec un patient qui refuse le traitement.',5,0.0,'2018-10-24','2015-04-25 14:31:18','2015-04-25 14:31:18'),
	(410,27,'1597863','Un moindre mal','Le docteur Manning et le docteur Halstead sont septiques concernant les blessures d\'un patient lorsque la victime d\'un accident de voiture est amenée à l\'hôpital. Ethan et April ont du mal à comprendre l\'attachement d\'Emily à son petit-ami malgré les événements récents. Will et Natalie s\'entendent pour leur enterrement de vie de jeune fille/garçon.',6,8.0,'2018-10-31','2012-06-08 16:25:22','2012-06-08 16:25:22'),
	(411,27,'1604830','Code orange','L\'hôpital doit être évacué quand un composant chimique toxique arrive aux urgences, mettant les patients et le personnel en grand danger. Coincés dans un ascenseur, le docteur Charles et le docteur Manning sont forcés de prendre des mesures drastiques avec une femme enceinte. Goodwin est chargée de prendre une décision difficile et le docteur Rhodes découvre un secret que lui cachait le docteur Bekker.',7,0.0,'2018-11-07','2002-09-28 12:06:11','2002-09-28 12:06:11'),
	(412,27,'1607358','Ne pas réanimer','Le docteur Charles tente de faire comprendre au docteur Choi que la chirurgie n\'est pas toujours la solution. Le docteur Rhodes se retrouve en mauvaise posture avec Goodwin quand il désobéit à un ordre direct. April est frustrée quand Maggie se questionne sur ses capacités de management en tant qu\'infirmière en chef. Le docteur Manning suspecte le docteur Halstead de ne pas tout lui dire.',8,8.0,'2018-11-14','2021-10-01 15:13:16','2021-10-01 15:13:16'),
	(413,27,'1623560','Un amour fou','Will et Natalie se préparent pour le grand jour mais Will se retrouve étonnement perdu. Le docteur Charles n\'est pas d\'accord avec Goodwin sur la meilleure solution pour traiter un patient pendant que le docteur Choi et April doivent gérer seuls l\'accouchement d\'une femme. Le docteur Rhodes se retrouve à opérer un patient très important pour le détective Halstead.',9,0.0,'2018-12-05','2004-07-03 02:24:52','2004-07-03 02:24:52'),
	(414,27,'1650476','Ceux qui sont seuls','April se retrouve dans une situation dangereuse et Natalie a des nouvelles de Will. Le docteur Rhodes se rend à un gala en honneur de sa salle hybride et essaye de convaincre le docteur Bekker de venir avec lui.',10,8.5,'2019-01-09','2020-10-12 09:33:24','2020-10-12 09:33:24'),
	(415,27,'1657765','Déni de réalité','Will doit se réadapter à la vie à l\'hôpital après ses récentes activités sous-couverture. La relation personnelle d\'Ethan et April commencent à interférer avec leur travail. Le docteur Charles et le docteur Manning collaborent sur le cas d\'un patient atteint d\'Alzheimer. Le docteur Rhodes et le docteur Bekker ont une différence d\'opinion à propos du traitement d\'une femme qui attend désespérement une greffe de rein.',11,0.0,'2019-01-16','2019-12-19 04:19:22','2019-12-19 04:19:22'),
	(416,27,'1663219','Actes et conséquences','Le docteur Halstead se précipite pour sauver le docteur Manning après qu\'elle ait été impliquée dans un crash d\'hélicoptère. L\'histoire entre le docteur Rhodes et le docteur Bekker prend trop de place. Le docteur Charles et le docteur Choi travaillent ensemble pour aider un patient à se battre contre son addiction. April aide Elsa à surmonter la perte de son premier patient.',12,0.0,'2019-01-23','2013-04-23 01:03:44','2013-04-23 01:03:44'),
	(417,27,'1682460','Des squelettes dans le placard','Le docteur Halstead garde des informations importantes sans en parler au docteur Manning et elle commence à questionner son comportement. Le docteur Choi en arrive à des conclusions difficiles impliquant April à propos du traitement d\'un patient. Un incident en salle d\'opération impliquant le docteur Bekker et le docteur Rhodes pourrait avoir de sérieuses répercutions.',13,0.0,'2019-02-06','2003-08-27 13:10:51','2003-08-27 13:10:51'),
	(418,27,'1688163','Si c\'était à refaire','Les affaires personnelles de Will continuent d\'interférer avec sa relation avec Natalie, et sa vie à l\'hôpital. Le docteur Bekker essaye de rattraper les choses avec le docteur Rhodes. Goodwin questionne les choix dangereux de Maggie, et le docteur Charles essaye de tendre la main à la fille d\'un récent ami.',14,0.0,'2019-02-13','2000-08-09 04:49:32','2000-08-09 04:49:32'),
	(419,27,'1697320','Unis face à la haine','Après avoir été témoin d\'un pick-up fonçant à travers une foire de rue, Natalie et Maggie sont forcées de prendre des décisions difficiles sur place. Les médecins et les infirmières du Chicago Med sont en alerte maximum pour gérer le gros afflux de patients arrivant au Med. L\'ex femme du docteur Charles arrive en ville avec des nouvelles.',15,0.0,'2019-02-20','2003-01-25 05:32:52','2003-01-25 05:32:52'),
	(420,27,'1705404','Chapitres clos','Natalie et Will s\'éloignent encore plus. Le docteur Charles a du mal à admettre ses sentiments pour son ex-femme. Les problèmes personnels du docteur Rhodes et du docteur Bekker continuent de causer des problèmes à l\'hôpital.',16,0.0,'2019-02-27','2005-11-11 05:02:55','2005-11-11 05:02:55'),
	(421,27,'1725637','Le poids des choix','Quand une voiture percute la porte des ambulances des urgences, le docteur Choi doit prendre des décisions difficiles pour sauver un ouvrier coincé sous la voiture et April qui est également en danger. Le docteur Rhodes et le docteur Bekker s\'occupent d\'un patient dont les meilleures chances de survie sont liées à une chirurgie cardiaque très risquée. Le docteur Charles a du mal à jongler avec ses sentiments envers le traitement de son ex-femme, Caroline.',17,0.0,'2019-03-27','2009-08-28 09:35:44','2009-08-28 09:35:44'),
	(422,27,'1731144','Toute vérité n\'est pas bonne à entendre','Le docteur Rhodes reçoit un appel alarmant qui le conduit à quitter les lieux en plein milieu d\'une opération importante. Le docteur Halstead vient en aide à un agent du FBI qui a été amené à l\'hôpital mais il ne croit pas à l\'histoire qu\'on lui raconte. Le docteur Manning et le docteur Choi sont en désaccord total sur un cas de confidentialité entre médecin et patient.',18,0.0,'2019-04-03','2002-04-06 23:33:23','2002-04-06 23:33:23'),
	(423,27,'1754027','Mon fils, ma bataille','L\'hôpital est mode confinement quand un homme armé prend l\'équipe médicale en otage. Goodwin est obligée de prendre une décision compliquée. Le docteur Rhodes commence à réaliser que le temps qu\'il a à passer avec son père diminue.',19,0.0,'2019-04-24','2007-10-05 18:38:40','2007-10-05 18:38:40'),
	(424,27,'1768737','À vouloir trop en faire','Le docteur Charles et le docteur Manning sont en désaccord sur le cas d\'une patiente s\'empoisonnant elle-même. Le docteur Rhodes lance de graves accusations à propos du docteur Bekker. Le docteur Halstead a des doutes à propos du nouveau petit-ami de Natalie et le docteur Choi discute avec Bernie.',20,0.0,'2019-05-08','2017-06-18 10:04:08','2017-06-18 10:04:08'),
	(425,27,'1778276','Parler ou se taire à jamais','Caroline a des nouvelles à partager, forçant le docteur Charles à prendre une bonne décision pour leur relation. Maggie rencontre le nouveau petit-ami de sa soeur, mais elle découvre qu\'un secret pourrait les mettre en danger. Le docteur Rhodes fait face à une perte douloureuse pendant que le docteur Choi et April font face à un événement qui met à l\'épreuve leur relation.',21,0.0,'2019-05-15','2002-11-14 11:35:02','2002-11-14 11:35:02'),
	(426,27,'1790779','À coeur vaillant, rien d\'impossible','Le docteur Charles et Caroline font des plans importants. Ava se bat pour garder sa relation avec Connor. L\'agent Lee donne des nouvelles à Will qui pourrait mettre sa vie en danger.',22,0.0,'2019-05-22','2008-01-11 00:06:45','2008-01-11 00:06:45'),
	(427,28,'1824244','Rien ne sera plus comme avant','Will et Natalie font face à la suite du terrible accident de voiture dont ils ont été victime, les laissant à devoir se battre pour leur vie. Une enquête est lancée à la suite de la mort de Cornelius Rhodes, le père de Connor. Maggie reçoit une nouvelle qui va changer sa vie. Le docteur Charles doit raccourcir sa lune de miel pour s\'occuper d\'un jeune patient soupçonné d\'être schizophrène.',1,9.0,'2019-09-25','2009-07-05 16:04:45','2009-07-05 16:04:45'),
	(428,28,'1932390','Panne générale','Lors d\'une nuit orageuse à Chicago, le courant s\'éteint à Gaffney et le chaos s\'ensuit. Le Dr Marcel et le Dr Sexton sont obligés de pratiquer une chirurgie dans l\'obscurité. Le Dr Manning est coincé dans un ascenseur avec un patient qui a besoin d\'une intervention chirurgicale d\'urgence. Le Dr Choi forme un groupe de résidents, tandis que le Dr Halstead, Maggie et Sharon s\'occupent d\'une série d\'étudiants qui font de multiples crises et soupçonnent qu\'il pourrait s\'agir d\'une épidémie.',2,8.0,'2019-10-02','2021-02-23 02:14:48','2021-02-23 02:14:48'),
	(429,28,'1945624','Seule face à la mort','Le docteur Choi et le docteur Charles ont dû mal à prendre une décision sur un jeune homme mourant essayant de préserver sa vie future avec une méthode plus que controversée. Le docteur Marcel et April se disputent à propos d\'une mystérieuse patiente et Will se questionne sur les capacités de Natalie. Sharon assigne une infirmière à suivre Maggie, bien lui en déplaise.',3,8.5,'2019-10-09','2010-06-02 06:16:37','2010-06-02 06:16:37'),
	(430,28,'1945625','Épidémie (2)','Cet épisodes est en 3 parties à regarder dans l\'ordre :  - Chicago Fire - 08x04 - \"Infection (1)\"\n\n- Chicago Med - 05x04 - \"Epidémie (2)\"\n\n- Chicago P.D. - 07x04 - \"La fin justifie les moyens (Infection 3)\"\n\nTout un complèxe d\'appartement est forcé d\'être en quarantaine quand le virus mortel devient épidémique. La police de Chicago suit une piste qui pourrait les mener à du bioterrosime et Will se rapproche dangereuse du suspect.',4,6.2,'2019-10-16','2004-02-02 17:17:43','2004-02-02 17:17:43'),
	(431,28,'1948899','Je suis ton ami','Le docteur Choi et le docteur Marcel n\'ont pas le même regard concernant le traitement d\'un patient ayant des douleurs chroniques tandis que des rumeurs circulent à propos de Maggie. Le docteur Manning travaille à aider un jeune garçon, mais ses idées de traitements remettent en cause les convictions des parents.',5,0.0,'2019-10-23','2015-12-09 03:31:05','2015-12-09 03:31:05'),
	(432,28,'1962328','Sors de ma vie','Les actes du docteur Manning avec un récent patient conduisent à de sérieuses conséquences. April et Noah ne sont pas d\'accord à propos d\'un patient blessé après avoir été passé à tabac. Le docteur Charles reçoit la visite d\'un ami d\'enfance qui arrive avec une révélation surprenante.',6,0.0,'2019-10-30','2004-01-12 22:46:19','2004-01-12 22:46:19'),
	(433,28,'1962329','De quoi demain sera fait','Le docteur Charles et le docteur Halstead se retrouvent pris dans un cas complexe. Le docteur Marcel et Maggie lancent la traditionnelle fête de l\'écrevisse pour le personnel. Une nouvelle relation émerge tandis qu\'une autre s\'effondre.',7,0.0,'2019-11-06','2015-12-26 13:51:28','2015-12-26 13:51:28'),
	(434,28,'1973849','Si ça en vaut la peine','Maggie reçoit une nouvelle perturbante à propos d\'un nouvel ami et enfreint le protocole pour l\'aider. Un des médecins du Med est amené aux urgences après une agression violente. Un influencer fait voter ses followers pour son traitement médical, forçant le docteur Charles à prendre une décision.',8,0.0,'2019-11-13','2016-03-02 21:52:59','2016-03-02 21:52:59'),
	(435,28,'1983413','Libre comme l\'air','April reçoit une mauvaise nouvelle qui pourrait remettre en question son futur avec Ethan. Le docteur Charles et Maggie regardent au loin. La mémoire de Natalie à propos de l\'accident commence à revenir.',9,0.0,'2019-11-20','2017-04-08 18:22:37','2017-04-08 18:22:37'),
	(436,28,'1993585','Laisser le passé derrière soi','Le docteur Halstead est plongé dans la tourmente quand un ancien patient est de retour. April a un secret qu\'elle pense confier à Ethan. Le docteur Charles essaye de rester concentré durant une période difficile.',10,0.0,'2020-01-08','2021-10-23 13:44:24','2021-10-23 13:44:24'),
	(437,28,'2033178','Tout ce qui nous sépare','Après un accident important à l\'aéroport de Chicago O\'Hare, les urgences ont peur qu\'un des leur puisse être en danger de mort. La proposition de Will pour une salle de shoot sécurisé est examinée par le conseil d\'administration. Natalie et Goodwin sont inquètent pour Gwen.',11,0.0,'2020-01-15','2016-07-22 04:16:55','2016-07-22 04:16:55'),
	(438,28,'2049802','Le jugement de Salomon','L\'équipe doit gérer les suites d\'un accident de bus scolaire. Le docteur Charles s\'inquiètent que le docteur Halstead ne mette sa licence de médecin en danger. Maggie aide un ami dans le besoin.',12,0.0,'2020-01-22','2020-07-03 11:41:56','2020-07-03 11:41:56'),
	(439,28,'2064602','Le mal de vivre','Deux frères sont conduit dans un état critique à l\'hôpital par leurs parents, laissant le docteur Choi, April et le docteur Charles se poser des questions sur leur soin et sur ce qu\'il s\'est réellement passé. Le docteur Manning a des doutes sur une jeune mère arrivant aux urgences. Les activités inlassables du docteur Halstead au site d\'injection sûr commencent à peser sur son travail.',13,0.0,'2020-02-05','2018-02-14 08:33:52','2018-02-14 08:33:52'),
	(440,28,'2064603','Rien ne dure éternellement','Le docteur Manning et le docteur Marcel sont en désaccord sur le cas d\'un mari abusif. Le docteur Halstead a dû mal à gérer son éthique et sa décision de travailler au site d\'injection sécurisé. Le docteur Charles et Elsa mettent à jour un mauvais diagnostic qui pourrait changer la vie de toute une famille.',14,0.0,'2020-02-12','2019-05-03 23:44:26','2019-05-03 23:44:26'),
	(441,28,'2170439','Le rôle d\'une vie','Le docteur Charles et le docteur Manning s\'occupent d\'un patient qui s\'investit à prétendre être quelqu\'un d\'autre. Noah commence à douter de ses capacités à être un médecin. Le docteur Marcel et le docteur Choi font face à une décision éthique difficile. Le docteur Halstead fait confiance à un addict.',15,0.0,'2020-02-26','2003-04-12 23:45:38','2003-04-12 23:45:38'),
	(442,28,'2170440','Qui lui jette la première pierre ?','L’évasion d’un meurtrier à proximité de chez eux touchent les médecins quand plusieurs membres de l\'équipe se retrouvent endanger. Le docteur Charles et le docteur Halstead continuent à être en désaccord sur le plan de traitement d\'un patient. Le docteur Choi et April découvrent la vérité à propos d\'un patient. Maggie reçoit enfin de bonnes nouvelles.',16,0.0,'2020-03-04','2014-02-18 10:17:30','2014-02-18 10:17:30'),
	(443,28,'2181767','Sang pour cent','Le docteur Manning et le docteur Charles travaillent sur un cas compliqué à propos d\'un enfant de 4 ans qu\'ils découvrent ne pas être étrangé des urgences. Le docteur Marcel et le docteur Choi traitent un officier de police avec une mystérieuse blessure par balle à l\'abdomen. Les relations sont mises à l\'épreuve quand les secrets sont rélévés...',17,0.0,'2020-03-18','2001-03-28 22:24:03','2001-03-28 22:24:03'),
	(444,28,'2200507','Quand on n\'a que l\'amour','Le docteur Charles et le docteur Goodwin ont peur que le docteur Halstead répète ses erreurs quand un patient avec un début d\'Alzheimer arrive aux urgences. Maggie et Ben s\'inquiètent quand un des étudiants est admis. Le docteur Manning et le docteur Marcel traitent un patient en phase terminale et sont en désaccord sur le traitement à adopter.',18,0.0,'2020-03-25','2008-02-03 07:45:33','2008-02-03 07:45:33'),
	(445,28,'2200508','Sous tension','Le docteur Charles évalue un adolescent de 15 ans conduit aux urgences qui serait en apparence tomber d\'un viaduc. Will s\'associent avec le docteur Asher pour un traitement risqué. La tension est palpable entre le docteur Choi et le docteur Marcel.',19,0.0,'2020-04-08','2010-12-03 09:18:29','2010-12-03 09:18:29'),
	(446,28,'2212341','Rattrapé par le passé','Le docteur Marcel reçoit la visite de deux détectives de la Nouvelle Orléans qui ont des questions sur son passé. Le docteur Choi met sa vie en danger pour sauver un enfant. Le docteur Charles donne des conseils paternels à sa plus jeune fille.',20,0.0,'2020-04-15','2001-10-22 03:51:19','2001-10-22 03:51:19'),
	(447,29,'2406514','Un nouveau combat','Le personnel s\'adapte à la nouvelle normalité de la pandémie. Le Dr Choi, le Dr Lanik et April se battent en première ligne. Le Dr Halstead et Hannah font face à une réalité troublante. Le Dr Charles essaie de purifier l\'air avec sa fille suite aux récents développements.',1,7.0,'2020-11-11','2016-08-22 21:09:27','2016-08-22 21:09:27'),
	(448,29,'2497176','L\'Homme de la situation','Goodwin annonce un nouveau chef ED, et ce choix ne rend pas tout le monde heureux. Le Dr Manning prend position pour sa patiente et se retrouve aux prises avec les répercussions. Le Dr Charles s\'occupe des affaires familiales.',2,6.0,'2020-11-18','2010-12-08 18:09:25','2010-12-08 18:09:25'),
	(449,29,'2529799','Si loin, si proches',NULL,3,8.0,'2021-01-13','2018-07-04 01:47:52','2018-07-04 01:47:52'),
	(450,29,'2619546','Mieux c\'est trop',NULL,4,7.0,'2021-01-27','2003-05-17 11:42:27','2003-05-17 11:42:27'),
	(451,29,'2619548','La voix de la déraison',NULL,5,9.0,'2021-02-03','2005-12-22 13:21:34','2005-12-22 13:21:34'),
	(452,29,'2680204','Raison et sentiments',NULL,6,8.0,'2021-02-10','2018-03-14 02:57:49','2018-03-14 02:57:49'),
	(453,29,'2709117','Pour la bonne cause',NULL,7,7.0,'2021-02-17','2006-11-13 18:20:32','2006-11-13 18:20:32'),
	(454,29,'2738874','Un sentiment d\'abandon',NULL,8,8.0,'2021-03-10','2019-11-18 00:30:14','2019-11-18 00:30:14'),
	(455,29,'2769963','Le ver dans la pomme',NULL,9,9.0,'2021-03-17','2000-06-19 10:08:51','2000-06-19 10:08:51'),
	(456,29,'2799982','Protéger l\'autre',NULL,10,8.0,'2021-03-31','2005-09-20 21:08:02','2005-09-20 21:08:02'),
	(457,29,'2819802','Renoncements nécessaires',NULL,11,8.0,'2021-04-07','2015-11-07 03:58:40','2015-11-07 03:58:40'),
	(458,29,'2855831','Un risque à prendre',NULL,12,7.0,'2021-04-21','2007-06-28 08:55:50','2007-06-28 08:55:50'),
	(459,29,'2870888','Savoir s\'entourer',NULL,13,8.0,'2021-05-05','2011-08-20 19:21:45','2011-08-20 19:21:45'),
	(460,29,'2870890','Période d\'essai',NULL,14,9.9,'2021-05-12','2004-12-19 12:24:46','2004-12-19 12:24:46'),
	(461,29,'2870891','Libre consentement',NULL,15,8.0,'2021-05-19','2019-06-21 00:09:44','2019-06-21 00:09:44'),
	(462,29,'2870892','Le temps de guérir',NULL,16,9.9,'2021-05-26','2004-11-10 22:52:38','2004-11-10 22:52:38'),
	(463,30,'3077001','Épisode 1',NULL,1,0.0,'2021-09-22','2006-02-08 21:07:23','2006-02-08 21:07:23'),
	(464,30,'3223898','Épisode 2',NULL,2,0.0,'2021-09-29','2003-04-17 00:24:04','2003-04-17 00:24:04'),
	(465,30,'3233441','Épisode 3',NULL,3,0.0,'2021-10-06','2021-09-15 16:59:05','2021-09-15 16:59:05'),
	(466,30,'3246704','Épisode 4',NULL,4,0.0,'2021-10-13','2019-07-23 05:26:33','2019-07-23 05:26:33'),
	(467,30,'3262101','Épisode 5',NULL,5,0.0,'2021-10-20','2016-10-05 19:43:43','2016-10-05 19:43:43'),
	(468,30,'3277822','Épisode 6',NULL,6,0.0,'2021-10-27','2001-06-03 01:52:54','2001-06-03 01:52:54'),
	(469,30,'3292321','Épisode 7',NULL,7,0.0,'2021-11-03','2020-08-25 23:47:28','2020-08-25 23:47:28'),
	(470,30,'3304430','Épisode 8',NULL,8,0.0,'2021-11-10','2016-03-15 13:03:56','2016-03-15 13:03:56'),
	(471,30,'3333363','Épisode 9',NULL,9,0.0,'2021-12-08','2009-06-05 14:57:09','2009-06-05 14:57:09'),
	(472,30,'3355191','Épisode 10',NULL,10,0.0,'2022-01-05','2020-07-25 11:26:54','2020-07-25 11:26:54'),
	(473,30,'3403150','Épisode 11',NULL,11,0.0,'2022-01-12','2012-09-21 02:28:57','2012-09-21 02:28:57'),
	(474,30,'3428902','Épisode 12',NULL,12,0.0,'2022-01-19','2013-02-25 15:34:49','2013-02-25 15:34:49');

/*!40000 ALTER TABLE `episodes` ENABLE KEYS */;
UNLOCK TABLES;


# Dump of table genre_movie
# ------------------------------------------------------------

DROP TABLE IF EXISTS `genre_movie`;

CREATE TABLE `genre_movie` (
  `id` int(11) unsigned NOT NULL AUTO_INCREMENT,
  `genre_id` int(11) unsigned NOT NULL,
  `movie_id` int(11) unsigned NOT NULL,
  PRIMARY KEY (`id`),
  KEY `genre_movie_genres` (`genre_id`),
  KEY `genre_movie_movies` (`movie_id`),
  CONSTRAINT `genre_movie_genres` FOREIGN KEY (`genre_id`) REFERENCES `genres` (`id`) ON DELETE CASCADE,
  CONSTRAINT `genre_movie_movies` FOREIGN KEY (`movie_id`) REFERENCES `movies` (`id`) ON DELETE CASCADE
) ENGINE=InnoDB AUTO_INCREMENT=113 DEFAULT CHARSET=utf8mb4 COLLATE=utf8mb4_general_ci;

LOCK TABLES `genre_movie` WRITE;
/*!40000 ALTER TABLE `genre_movie` DISABLE KEYS */;

INSERT INTO `genre_movie` (`id`, `genre_id`, `movie_id`)
VALUES
	(1,1,1),
	(2,2,1),
	(3,3,1),
	(4,4,1),
	(5,5,2),
	(6,6,3),
	(7,7,3),
	(8,4,4),
	(9,6,4),
	(10,8,4),
	(11,1,5),
	(12,9,5),
	(13,10,5),
	(14,1,6),
	(15,6,6),
	(16,11,6),
	(17,12,6),
	(18,1,7),
	(19,4,7),
	(20,3,7),
	(21,6,9),
	(22,11,9),
	(23,13,10),
	(24,1,11),
	(25,11,13),
	(26,12,13),
	(27,6,13),
	(28,13,14),
	(29,6,14),
	(30,11,14),
	(31,11,15),
	(32,6,15),
	(33,14,15),
	(34,8,16),
	(35,1,16),
	(36,4,16),
	(37,6,17),
	(38,6,18),
	(39,11,18),
	(40,7,19),
	(41,6,19),
	(42,11,19),
	(43,6,20),
	(44,12,20),
	(45,5,21),
	(46,6,22),
	(47,13,22),
	(48,4,22),
	(49,8,23),
	(50,6,24),
	(51,8,24),
	(52,14,24),
	(53,9,25),
	(54,15,25),
	(55,6,26),
	(56,13,26),
	(57,1,26),
	(58,16,27),
	(59,13,27),
	(60,7,28),
	(61,5,29),
	(62,15,29),
	(63,7,30),
	(64,5,30),
	(65,7,31),
	(66,5,31),
	(67,1,32),
	(68,9,32),
	(69,7,33),
	(70,12,33),
	(71,9,33),
	(72,11,34),
	(73,12,34),
	(74,9,34),
	(75,17,34),
	(76,9,35),
	(77,7,35),
	(78,1,35),
	(79,7,36),
	(80,9,36),
	(81,1,36),
	(82,1,37),
	(83,9,37),
	(84,1,38),
	(85,18,38),
	(86,7,39),
	(87,9,39),
	(88,11,40),
	(89,7,40),
	(90,12,40),
	(91,12,41),
	(92,6,41),
	(93,13,41),
	(94,11,41),
	(95,6,42),
	(96,13,42),
	(97,13,43),
	(98,11,43),
	(99,6,43),
	(100,6,44),
	(101,11,44),
	(102,12,44),
	(103,6,45),
	(104,11,45),
	(105,12,45),
	(106,13,45),
	(107,13,46),
	(108,6,46),
	(109,11,46),
	(110,12,47),
	(111,6,47),
	(112,2,47);

/*!40000 ALTER TABLE `genre_movie` ENABLE KEYS */;
UNLOCK TABLES;


# Dump of table genre_show
# ------------------------------------------------------------

DROP TABLE IF EXISTS `genre_show`;

CREATE TABLE `genre_show` (
  `id` int(11) unsigned NOT NULL AUTO_INCREMENT,
  `genre_id` int(11) unsigned NOT NULL,
  `show_id` int(11) unsigned NOT NULL,
  PRIMARY KEY (`id`),
  KEY `genre_show_genres` (`genre_id`),
  KEY `genre_show_shows` (`show_id`),
  CONSTRAINT `genre_show_genres` FOREIGN KEY (`genre_id`) REFERENCES `genres` (`id`) ON DELETE CASCADE,
  CONSTRAINT `genre_show_shows` FOREIGN KEY (`show_id`) REFERENCES `shows` (`id`) ON DELETE CASCADE
) ENGINE=InnoDB AUTO_INCREMENT=14 DEFAULT CHARSET=utf8mb4 COLLATE=utf8mb4_general_ci;

LOCK TABLES `genre_show` WRITE;
/*!40000 ALTER TABLE `genre_show` DISABLE KEYS */;

INSERT INTO `genre_show` (`id`, `genre_id`, `show_id`)
VALUES
	(1,1,1),
	(2,3,1),
	(3,19,1),
	(4,1,2),
	(5,3,2),
	(6,19,2),
	(7,20,3),
	(8,19,3),
	(9,1,3),
	(10,7,4),
	(11,7,5),
	(12,1,5),
	(13,1,6);

/*!40000 ALTER TABLE `genre_show` ENABLE KEYS */;
UNLOCK TABLES;


# Dump of table genres
# ------------------------------------------------------------

DROP TABLE IF EXISTS `genres`;

CREATE TABLE `genres` (
  `id` int(11) unsigned NOT NULL AUTO_INCREMENT,
  `ref` varchar(255) CHARACTER SET utf8mb4 COLLATE utf8mb4_general_ci NOT NULL DEFAULT '',
  `name` varchar(255) CHARACTER SET utf8mb4 COLLATE utf8mb4_general_ci NOT NULL DEFAULT '',
  `created_at` timestamp NOT NULL DEFAULT CURRENT_TIMESTAMP,
  `updated_at` timestamp NOT NULL DEFAULT CURRENT_TIMESTAMP,
  PRIMARY KEY (`id`)
) ENGINE=InnoDB AUTO_INCREMENT=41 DEFAULT CHARSET=utf8mb4 COLLATE=utf8mb4_general_ci;

LOCK TABLES `genres` WRITE;
/*!40000 ALTER TABLE `genres` DISABLE KEYS */;

INSERT INTO `genres` (`id`, `ref`, `name`, `created_at`, `updated_at`)
VALUES
	(1,'18','Drame','2019-06-04 15:37:41','2019-06-04 15:37:41'),
	(2,'27','Horreur','2021-12-05 14:44:02','2021-12-05 14:44:02'),
	(3,'9648','Mystère','2019-04-03 17:50:10','2019-04-03 17:50:10'),
	(4,'53','Thriller','2004-06-20 23:59:44','2004-06-20 23:59:44'),
	(5,'99','Documentaire','2014-11-06 19:42:23','2014-11-06 19:42:23'),
	(6,'28','Action','2018-03-14 08:36:29','2018-03-14 08:36:29'),
	(7,'35','Comédie','2016-01-14 10:57:42','2016-01-14 10:57:42'),
	(8,'80','Crime','2017-02-24 00:44:45','2017-02-24 00:44:45'),
	(9,'10749','Romance','2006-05-11 03:04:16','2006-05-11 03:04:16'),
	(10,'36','Histoire','2013-06-05 05:34:45','2013-06-05 05:34:45'),
	(11,'12','Aventure','2004-11-15 16:30:09','2004-11-15 16:30:09'),
	(12,'14','Fantastique','2004-09-01 22:42:31','2004-09-01 22:42:31'),
	(13,'878','Science-Fiction','2021-03-10 07:30:13','2021-03-10 07:30:13'),
	(14,'37','Western','2018-03-07 02:04:35','2018-03-07 02:04:35'),
	(15,'10770','Téléfilm','2018-01-18 12:10:06','2018-01-18 12:10:06'),
	(16,'16','Animation','2008-02-01 16:43:55','2008-02-01 16:43:55'),
	(17,'10751','Familial','2010-01-22 08:06:56','2010-01-22 08:06:56'),
	(18,'10402','Musique','2013-11-25 11:43:06','2013-11-25 11:43:06'),
	(19,'10765','Science-Fiction & Fantastique','2003-12-06 05:55:22','2003-12-06 05:55:22'),
	(20,'10759','Action & Adventure','2021-06-09 07:54:38','2021-06-09 07:54:38'),
	(21,'18','Drame','2000-08-08 05:32:52','2000-08-08 05:32:52'),
	(22,'27','Horreur','2005-10-10 13:49:49','2005-10-10 13:49:49'),
	(23,'9648','Mystère','2015-12-27 11:34:51','2015-12-27 11:34:51'),
	(24,'53','Thriller','2002-10-15 14:45:30','2002-10-15 14:45:30'),
	(25,'99','Documentaire','2013-07-01 17:11:30','2013-07-01 17:11:30'),
	(26,'28','Action','2007-04-05 21:21:15','2007-04-05 21:21:15'),
	(27,'35','Comédie','2018-11-25 13:34:13','2018-11-25 13:34:13'),
	(28,'80','Crime','2004-01-02 11:18:17','2004-01-02 11:18:17'),
	(29,'10749','Romance','2008-04-20 01:07:25','2008-04-20 01:07:25'),
	(30,'36','Histoire','2021-04-01 17:28:15','2021-04-01 17:28:15'),
	(31,'12','Aventure','2000-08-28 15:06:12','2000-08-28 15:06:12'),
	(32,'14','Fantastique','2001-09-24 23:23:29','2001-09-24 23:23:29'),
	(33,'878','Science-Fiction','2001-07-01 05:02:44','2001-07-01 05:02:44'),
	(34,'37','Western','2005-06-12 08:14:57','2005-06-12 08:14:57'),
	(35,'10770','Téléfilm','2020-01-25 21:33:30','2020-01-25 21:33:30'),
	(36,'16','Animation','2000-04-15 10:43:18','2000-04-15 10:43:18'),
	(37,'10751','Familial','2004-08-14 02:19:25','2004-08-14 02:19:25'),
	(38,'10402','Musique','2009-06-22 22:40:47','2009-06-22 22:40:47'),
	(39,'10765','Science-Fiction & Fantastique','2006-12-26 17:51:31','2006-12-26 17:51:31'),
	(40,'10759','Action & Adventure','2018-11-04 06:49:32','2018-11-04 06:49:32');

/*!40000 ALTER TABLE `genres` ENABLE KEYS */;
UNLOCK TABLES;


# Dump of table language_movie
# ------------------------------------------------------------

DROP TABLE IF EXISTS `language_movie`;

CREATE TABLE `language_movie` (
  `id` int(11) unsigned NOT NULL AUTO_INCREMENT,
  `language_id` int(11) unsigned NOT NULL,
  `movie_id` int(11) unsigned NOT NULL,
  PRIMARY KEY (`id`),
  KEY `language_movie_languages` (`language_id`),
  KEY `language_movie_movies` (`movie_id`),
  CONSTRAINT `language_movie_languages` FOREIGN KEY (`language_id`) REFERENCES `languages` (`id`) ON DELETE CASCADE,
  CONSTRAINT `language_movie_movies` FOREIGN KEY (`movie_id`) REFERENCES `movies` (`id`) ON DELETE CASCADE
) ENGINE=InnoDB AUTO_INCREMENT=80 DEFAULT CHARSET=utf8mb4 COLLATE=utf8mb4_general_ci;

LOCK TABLES `language_movie` WRITE;
/*!40000 ALTER TABLE `language_movie` DISABLE KEYS */;

INSERT INTO `language_movie` (`id`, `language_id`, `movie_id`)
VALUES
	(1,1,1),
	(2,2,2),
	(3,1,3),
	(4,1,4),
	(5,2,4),
	(6,1,5),
	(7,1,6),
	(8,3,6),
	(9,1,7),
	(10,2,7),
	(11,1,8),
	(12,1,9),
	(13,4,9),
	(14,1,10),
	(15,1,11),
	(16,5,11),
	(17,6,11),
	(18,1,12),
	(19,1,13),
	(20,1,14),
	(21,1,15),
	(22,1,16),
	(23,7,16),
	(24,1,17),
	(25,5,17),
	(26,3,17),
	(27,8,18),
	(28,1,18),
	(29,9,18),
	(30,5,19),
	(31,1,19),
	(32,6,19),
	(33,8,19),
	(34,10,20),
	(35,1,20),
	(36,4,20),
	(37,6,20),
	(38,5,20),
	(39,4,21),
	(40,11,21),
	(41,1,22),
	(42,5,22),
	(43,1,23),
	(44,12,24),
	(45,1,24),
	(46,4,24),
	(47,6,24),
	(48,1,25),
	(49,1,26),
	(50,4,26),
	(51,3,26),
	(52,13,26),
	(53,3,27),
	(54,1,28),
	(55,4,29),
	(56,1,30),
	(57,8,31),
	(58,1,31),
	(59,14,32),
	(60,1,32),
	(61,4,32),
	(62,5,32),
	(63,1,33),
	(64,1,34),
	(65,1,35),
	(66,2,35),
	(67,1,36),
	(68,1,37),
	(69,1,38),
	(70,1,39),
	(71,1,40),
	(72,1,41),
	(73,1,42),
	(74,1,43),
	(75,1,44),
	(76,1,45),
	(77,1,46),
	(78,1,47),
	(79,15,47);

/*!40000 ALTER TABLE `language_movie` ENABLE KEYS */;
UNLOCK TABLES;


# Dump of table language_show
# ------------------------------------------------------------

DROP TABLE IF EXISTS `language_show`;

CREATE TABLE `language_show` (
  `id` int(11) unsigned NOT NULL AUTO_INCREMENT,
  `language_id` int(11) unsigned NOT NULL,
  `show_id` int(11) unsigned NOT NULL,
  PRIMARY KEY (`id`),
  KEY `language_show_languages` (`language_id`),
  KEY `language_show_shows` (`show_id`),
  CONSTRAINT `language_show_languages` FOREIGN KEY (`language_id`) REFERENCES `languages` (`id`) ON DELETE CASCADE,
  CONSTRAINT `language_show_shows` FOREIGN KEY (`show_id`) REFERENCES `shows` (`id`) ON DELETE CASCADE
) ENGINE=InnoDB AUTO_INCREMENT=8 DEFAULT CHARSET=utf8mb4 COLLATE=utf8mb4_general_ci;

LOCK TABLES `language_show` WRITE;
/*!40000 ALTER TABLE `language_show` DISABLE KEYS */;

INSERT INTO `language_show` (`id`, `language_id`, `show_id`)
VALUES
	(1,1,1),
	(2,16,2),
	(3,1,3),
	(4,1,4),
	(5,4,5),
	(6,1,6),
	(7,1,2);

/*!40000 ALTER TABLE `language_show` ENABLE KEYS */;
UNLOCK TABLES;


# Dump of table languages
# ------------------------------------------------------------

DROP TABLE IF EXISTS `languages`;

CREATE TABLE `languages` (
  `id` int(11) unsigned NOT NULL AUTO_INCREMENT,
  `name` varchar(255) CHARACTER SET utf8mb4 COLLATE utf8mb4_general_ci NOT NULL DEFAULT '',
  `english` varchar(255) CHARACTER SET utf8mb4 COLLATE utf8mb4_general_ci NOT NULL DEFAULT '',
  `code` varchar(255) CHARACTER SET utf8mb4 COLLATE utf8mb4_general_ci NOT NULL DEFAULT '',
  `created_at` timestamp NOT NULL DEFAULT CURRENT_TIMESTAMP,
  `updated_at` timestamp NOT NULL DEFAULT CURRENT_TIMESTAMP,
  PRIMARY KEY (`id`)
) ENGINE=InnoDB AUTO_INCREMENT=33 DEFAULT CHARSET=utf8mb4 COLLATE=utf8mb4_general_ci;

LOCK TABLES `languages` WRITE;
/*!40000 ALTER TABLE `languages` DISABLE KEYS */;

INSERT INTO `languages` (`id`, `name`, `english`, `code`, `created_at`, `updated_at`)
VALUES
	(1,'English','English','en','2001-11-22 18:56:59','2001-11-22 18:56:59'),
	(2,'Español','Spanish','es','2017-08-04 17:48:14','2017-08-04 17:48:14'),
	(3,'日本語','Japanese','ja','2012-06-04 09:37:37','2012-06-04 09:37:37'),
	(4,'Français','French','fr','2009-04-11 12:03:03','2009-04-11 12:03:03'),
	(5,'Italiano','Italian','it','2007-12-21 18:40:17','2007-12-21 18:40:17'),
	(6,'Pусский','Russian','ru','2000-06-10 13:06:00','2000-06-10 13:06:00'),
	(7,'shqip','Albanian','sq','2019-11-02 14:09:24','2019-11-02 14:09:24'),
	(8,'Deutsch','German','de','2001-08-19 03:20:27','2001-08-19 03:20:27'),
	(9,'svenska','Swedish','sv','2013-12-11 18:03:10','2013-12-11 18:03:10'),
	(10,'العربية','Arabic','ar','2006-01-15 16:25:26','2006-01-15 16:25:26'),
	(11,'','Tahitian','ty','2013-09-01 06:45:25','2013-09-01 06:45:25'),
	(12,'普通话','Mandarin','zh','2016-07-28 16:35:39','2016-07-28 16:35:39'),
	(13,'한국어/조선말','Korean','ko','2012-05-27 02:03:31','2012-05-27 02:03:31'),
	(14,'Latin','Latin','la','2010-08-06 21:22:01','2010-08-06 21:22:01'),
	(15,'','Tagalog','tl','2004-11-26 19:55:06','2004-11-26 19:55:06'),
	(16,'Íslenska','Icelandic','is','2013-02-22 20:07:57','2013-02-22 20:07:57'),
	(17,'English','English','en','2001-04-12 17:24:23','2001-04-12 17:24:23'),
	(18,'Español','Spanish','es','2005-06-02 21:32:33','2005-06-02 21:32:33'),
	(19,'日本語','Japanese','ja','2013-06-22 04:36:33','2013-06-22 04:36:33'),
	(20,'Français','French','fr','2001-03-24 01:01:15','2001-03-24 01:01:15'),
	(21,'Italiano','Italian','it','2013-07-22 05:05:46','2013-07-22 05:05:46'),
	(22,'Pусский','Russian','ru','2009-11-09 06:24:52','2009-11-09 06:24:52'),
	(23,'shqip','Albanian','sq','2013-11-16 10:50:15','2013-11-16 10:50:15'),
	(24,'Deutsch','German','de','2014-03-19 21:25:11','2014-03-19 21:25:11'),
	(25,'svenska','Swedish','sv','2001-03-14 09:46:02','2001-03-14 09:46:02'),
	(26,'العربية','Arabic','ar','2001-10-22 01:33:25','2001-10-22 01:33:25'),
	(27,'','Tahitian','ty','2020-03-03 06:38:21','2020-03-03 06:38:21'),
	(28,'普通话','Mandarin','zh','2017-09-15 22:10:19','2017-09-15 22:10:19'),
	(29,'한국어/조선말','Korean','ko','2003-09-03 19:54:35','2003-09-03 19:54:35'),
	(30,'Latin','Latin','la','2010-10-26 09:47:44','2010-10-26 09:47:44'),
	(31,'','Tagalog','tl','2021-04-27 12:32:47','2021-04-27 12:32:47'),
	(32,'Íslenska','Icelandic','is','2007-11-10 09:58:03','2007-11-10 09:58:03');

/*!40000 ALTER TABLE `languages` ENABLE KEYS */;
UNLOCK TABLES;


# Dump of table movies
# ------------------------------------------------------------

DROP TABLE IF EXISTS `movies`;

CREATE TABLE `movies` (
  `id` int(11) unsigned NOT NULL AUTO_INCREMENT,
  `original_language_id` int(11) unsigned DEFAULT NULL,
  `ref` varchar(255) CHARACTER SET utf8mb4 COLLATE utf8mb4_general_ci NOT NULL DEFAULT '',
  `title` varchar(255) CHARACTER SET utf8mb4 COLLATE utf8mb4_general_ci NOT NULL DEFAULT '',
  `tagline` varchar(255) CHARACTER SET utf8mb4 COLLATE utf8mb4_general_ci DEFAULT NULL,
  `description` text CHARACTER SET utf8mb4 COLLATE utf8mb4_general_ci,
  `img` varchar(255) CHARACTER SET utf8mb4 COLLATE utf8mb4_general_ci NOT NULL DEFAULT '',
  `adult` tinyint(1) NOT NULL,
  `score` float(2,1) NOT NULL,
  `budget` int(11) DEFAULT NULL,
  `revenue` int(11) DEFAULT NULL,
  `url` varchar(255) CHARACTER SET utf8mb4 COLLATE utf8mb4_general_ci DEFAULT NULL,
  `duration` int(11) DEFAULT NULL,
  `imdb` varchar(255) CHARACTER SET utf8mb4 COLLATE utf8mb4_general_ci DEFAULT NULL,
  `released_at` date NOT NULL,
  `created_at` timestamp NOT NULL DEFAULT CURRENT_TIMESTAMP,
  `updated_at` timestamp NOT NULL DEFAULT CURRENT_TIMESTAMP,
  `deleted_at` timestamp NULL DEFAULT NULL,
  PRIMARY KEY (`id`),
  KEY `movies_original_languages` (`original_language_id`),
  CONSTRAINT `movies_original_languages` FOREIGN KEY (`original_language_id`) REFERENCES `languages` (`id`) ON DELETE SET NULL
) ENGINE=InnoDB AUTO_INCREMENT=48 DEFAULT CHARSET=utf8mb4 COLLATE=utf8mb4_general_ci;

LOCK TABLES `movies` WRITE;
/*!40000 ALTER TABLE `movies` DISABLE KEYS */;

INSERT INTO `movies` (`id`, `original_language_id`, `ref`, `title`, `tagline`, `description`, `img`, `adult`, `score`, `budget`, `revenue`, `url`, `duration`, `imdb`, `released_at`, `created_at`, `updated_at`, `deleted_at`)
VALUES
	(1,1,'36419','After Life','La vie est le symptôme. La mort est le remède.','Following a terrible car crash, a woman awakes to find an enigmatic mortician preparing her for burial.','80998491.jpg',0,6.2,4500000,3606395,NULL,102,'tt0838247','2009-11-07','2004-03-18 15:30:06','2004-03-18 15:30:06',NULL),
	(2,2,'689249','La casa de papel : Le phénomène',NULL,'A documentary on why \'Money Heist\' sparked a wave of enthusiasm around the world for a lovable group of thieves and their professor.','80192098.jpg',0,7.5,NULL,NULL,'https://www.netflix.com/title/81098822',57,'tt12078990','2020-04-03','2007-07-12 06:04:47','2007-07-12 06:04:47',NULL),
	(3,1,'93837','Mademoiselle Détective',NULL,'When the FBI hires her to go undercover at a college sorority, Molly Morris (Miley Cyrus) must transform herself from a tough, streetwise private investigator to a refined, sophisticated university girl to help protect the daughter of a one-time Mobster. With several suspects on her list, Molly unexpectedly discovers that not everyone is who they appear to be, including herself.','80225312.jpg',0,6.1,15000000,2500000,NULL,94,'tt1766094','2012-12-06','2021-08-08 06:59:49','2021-08-08 06:59:49',NULL),
	(4,1,'38700','Bad Boys for Life','Ensemble. Jusqu’au bout.','Marcus and Mike are forced to confront new threats, career changes, and midlife crises as they join the newly created elite team AMMO of the Miami police department to take down the ruthless Armando Armas, the vicious leader of a Miami drug cartel.','81244448.jpg',0,7.2,90000000,426505244,'https://www.badboysforlife.movie/',124,'tt1502397','2020-01-15','2009-02-11 00:01:43','2009-02-11 00:01:43',NULL),
	(5,1,'535544','Downton Abbey : Le film','Les temps changent mais certains lieux marquent pour toujours','The beloved Crawleys and their intrepid staff prepare for the most important moment of their lives. A royal visit from the King and Queen of England will unleash scandal, romance and intrigue that will leave the future of Downton hanging in the balance.','70213223.jpg',0,7.1,20000000,192094429,'http://focusfeatures.com/downton-abbey',122,'tt6398184','2019-09-12','2008-07-07 14:51:53','2008-07-07 14:51:53',NULL),
	(6,1,'64686','47 Ronin','47 ronin défient l\'éternité.','Kai—an outcast—joins Oishi, the leader of 47 outcast samurai.  Together they seek vengeance upon the treacherous overlord who killed their master and banished their kind.  To restore honour to their homeland, the warriors embark upon a quest that challenges them with a series of trials that would destroy ordinary warriors.','70208107.jpg',0,6.1,175000000,150962475,NULL,119,'tt1335975','2013-12-06','2002-01-14 02:13:56','2002-01-14 02:13:56',NULL),
	(7,1,'65650','The Good Doctor',NULL,'Dr. Martin Blake, who has spent his life looking for respect, meets an 18-year-old patient named Diane, suffering from a kidney infection, and gets a much-needed boost of self-esteem. However, when her health starts improving, Martin fears losing her, so he begins tampering with her treatment, keeping Diane sick and in the hospital right next to him.','80176893.jpg',0,6.2,6000000,5206,NULL,93,'tt1582271','2011-04-23','2008-01-19 09:32:13','2008-01-19 09:32:13',NULL),
	(8,1,'820752','Arcane',NULL,'A Psychedelic journey into the surreal space of a man\'s ambiguity between fantasy and reality.','81435684.jpg',0,6.0,NULL,NULL,'https://youtu.be/DDf1zPihnQg',7,NULL,'2021-04-19','2015-10-01 20:33:14','2015-10-01 20:33:14',NULL),
	(9,1,'353081','Mission : Impossible - Fallout','Il y a des missions qu’on ne choisit pas.','When an IMF mission ends badly, the world is faced with dire consequences. As Ethan Hunt takes it upon himself to fulfill his original briefing, the CIA begin to question his loyalty and his motives. The IMF team find themselves in a race against time, hunted by assassins while trying to prevent a global catastrophe.','80236314.jpg',0,7.4,178000000,791017452,'https://www.missionimpossible.com/',147,'tt4912910','2018-07-13','2000-02-20 03:01:37','2000-02-20 03:01:37',NULL),
	(10,1,'771592','Star Trek : The Next Generation : Gambit',NULL,'After hearing a rumor that Captain Picard has been murdered while on an archeological dig, the Enterprise crew sets out to find the smugglers who may have been responsible.','70158329.jpg',0,4.3,NULL,NULL,NULL,92,'tt0708721','1993-10-11','2014-10-02 00:56:50','2014-10-02 00:56:50',NULL),
	(11,1,'385556','Le Silence de la Mer',NULL,'Alexander, a lone cosmonaut, is adrift in orbit around Earth. He has lost communications and life-support systems are dwindling fast. At the same time in Italy, a radio engineer is working the night shift. He discovers a voice amidst the empty static. It is Alexander\'s emergency transmission, carried across space from his dying capsule. Over one night these two men are bonded, but their new found friendship, might not last the night.','81098012.jpg',0,0.0,NULL,NULL,NULL,25,'tt2966718','2013-09-01','2013-12-12 13:59:35','2013-12-12 13:59:35',NULL),
	(12,1,'820744','Shadow and Bone : La saga Grisha - L\'after',NULL,'Stars of Netflix\'s \"Shadow and Bone\" discuss the show\'s epic combat scenes, answer some fan questions and play an \"Army vs. Crows\" trivia game.','80236319.jpg',0,7.8,NULL,NULL,'https://www.netflix.com/title/81351076',33,'tt14515582','2021-04-24','2008-08-06 19:17:54','2008-08-06 19:17:54',NULL),
	(13,1,'18823','Le Choc des Titans','Défiez les Dieux','Born of a god but raised as a man, Perseus is helpless to save his family from Hades, vengeful god of the underworld. With nothing to lose, Perseus volunteers to lead a dangerous mission to defeat Hades before he can seize power from Zeus and unleash hell on earth. Battling unholy demons and fearsome beasts, Perseus and his warriors will only survive if Perseus accepts his power as a god, defies fate and creates his own destiny.','80218200.jpg',0,5.8,125000000,493214993,'http://www.clash-of-the-titans.com/',106,'tt0800320','2010-03-31','2021-09-15 09:24:04','2021-09-15 09:24:04',NULL),
	(14,1,'13475','Star Trek','L\'avenir est en marche.','The fate of the galaxy rests in the hands of bitter rivals. One, James Kirk, is a delinquent, thrill-seeking Iowa farm boy. The other, Spock, a Vulcan, was raised in a logic-based society that rejects all emotion. As fiery instinct clashes with calm reason, their unlikely but powerful partnership is the only thing capable of leading their crew through unimaginable danger, boldly going where no one has gone before. The human adventure has begun again.','70101276.jpg',0,7.4,150000000,385680446,NULL,128,'tt0796366','2009-05-06','2011-03-13 19:38:55','2011-03-13 19:38:55',NULL),
	(15,1,'333484','Les Sept Mercenaires','La justice a un numéro','Looking to mine for gold, greedy industrialist Bartholomew Bogue seizes control of the Old West town of Rose Creek. With their lives in jeopardy, Emma Cullen and other desperate residents turn to bounty hunter Sam Chisolm for help. Chisolm recruits an eclectic group of gunslingers to take on Bogue and his ruthless henchmen. With a deadly showdown on the horizon, the seven mercenaries soon find themselves fighting for more than just money once the bullets start to fly.','80104000.jpg',0,6.4,90000000,162360636,'http://www.sonypictures.com/movies/themagnificentseven/',132,'tt2404435','2016-09-14','2010-01-27 07:15:53','2010-01-27 07:15:53',NULL),
	(16,1,'388','Inside Man - L\'Homme de l\'Intérieur','Le braquage parfait? Les apparences sont parfois trompeuses…','When an armed, masked gang enter a Manhattan bank, lock the doors and take hostages, the detective assigned to effect their release enters negotiations preoccupied with corruption charges he is facing.','70044379.jpg',0,7.4,45000000,186003591,'http://theinsideman.net',130,'tt0454848','2006-03-17','2004-10-24 02:02:34','2004-10-24 02:02:34',NULL),
	(17,1,'702936','Sniper 8 : Assassin\'s End',NULL,'Special ops sniper Brandon Beckett and his legendary father look for a dark operative within the government, and take on Russian mercenaries and a yakuza-trained assassin.','81279324.jpg',0,6.5,NULL,NULL,NULL,95,'tt12305696','2020-06-15','2014-05-18 23:58:22','2014-05-18 23:58:22',NULL),
	(18,1,'177677','Mission : Impossible - Rogue Nation','Situation extrême. Mesures extrêmes.','Ethan and team take on their most impossible mission yet—eradicating \'The Syndicate\', an International and highly-skilled rogue organisation committed to destroying the IMF.','80038359.jpg',0,7.2,150000000,682330139,'http://www.missionimpossible.com',131,'tt2381249','2015-07-23','2011-05-26 19:29:46','2011-05-26 19:29:46',NULL),
	(19,1,'203801','Agents très spéciaux : Code U.N.C.L.E.','Sauvez le monde avec classe.','At the height of the Cold War, a mysterious criminal organization plans to use nuclear weapons and technology to upset the fragile balance of power between the United States and Soviet Union. CIA agent Napoleon Solo and KGB agent Illya Kuryakin are forced to put aside their hostilities and work together to stop the evildoers in their tracks. The duo\'s only lead is the daughter of a missing German scientist, whom they must find soon to prevent a global catastrophe.','80013274.jpg',0,7.1,75000000,108145109,NULL,116,'tt1638355','2015-08-13','2003-05-26 09:24:15','2003-05-26 09:24:15',NULL),
	(20,1,'547016','The Old Guard','L\'éternité peut paraître longue','Four undying warriors who\'ve secretly protected humanity for centuries become targeted for their mysterious powers just as they discover a new immortal.','81038963.jpg',0,7.2,70000000,NULL,'https://www.netflix.com/title/81038963',118,'tt7556122','2020-07-10','2000-05-24 14:36:50','2000-05-24 14:36:50',NULL),
	(21,2,'510065','Ma\'ohi nui, au cœur de l\'océan mon pays',NULL,'For thirty years in the late-twentieth century, the people of Tahiti survived dozens of offshore nuclear tests by the French government. Since the country was colonized in 1880, the blasts left Tahitians picking through the remnants of their islands and culture in an effort to keep indigenous knowledges alive. The film offers a poetic glimpse into contemporary Tahiti, and the colonial struggles its people still face as they strive to sustain their way of life.','80017529.jpg',0,0.0,NULL,NULL,NULL,113,'tt7508988','2018-05-05','2019-08-04 14:15:32','2019-08-04 14:15:32',NULL),
	(22,1,'534','Terminator Renaissance','L\'anéantissement commence.','All grown up in post-apocalyptic 2018, John Connor must lead the resistance of humans against the increasingly dominating militaristic robots. But when Marcus Wright appears, his existence confuses the mission as Connor tries to determine whether Wright has come from the future or the past -- and whether he\'s friend or foe.','80171099.jpg',0,6.0,200000000,371353001,'https://www.warnerbros.com/terminator-salvation',108,'tt0438488','2009-05-20','2001-07-25 18:33:01','2001-07-25 18:33:01',NULL),
	(23,1,'54577','Another Life',NULL,'A woman is wrongly accused of murdering her husband in Edwardian London. Just before the outbreak of World War I, Edith Graydon married her boyfriend Percy Thomson. He survives the war but theirs is not a happy marriage. She doesn\'t really love him and he feels it every day. He\'s also possessive and their daily life is a constant battle. She meets and falls in love with Frederick Bywaters, her sister\'s one-time boyfriend. They have a long affair and her desperate attempts to get either a formal separation of divorce from her husband falls on deaf ears. They are at their wits end and Bywaters decides to do something about it. On a dark evening when Edith is walking with her husband, Bywaters stabs him to death. Edith is charged with murder along with Bywaters and both are found guilty. She claims her innocence right up until the day they are both executed by hanging in 1923. Based on a true story.','80236236.jpg',0,5.0,500000,NULL,NULL,101,'tt0218000','2001-06-15','2016-04-13 17:36:22','2016-04-13 17:36:22',NULL),
	(24,3,'525191','COWBOY BEBOP PV “Don\'t Bother None”',NULL,'When three bounty hunters accidentally meet in a bar, their stark personalities begin to clash, turning into a three way gun fight.','80207033.jpg',0,6.5,NULL,NULL,NULL,6,'tt3008342','2012-12-12','2020-05-15 07:37:39','2020-05-15 07:37:39',NULL),
	(25,1,'746039','Noël au manoir enchanté',NULL,'Charles Whitley travels from 1903 to 2020 where he meets Megan Turner, a tour guide at his historic mansion, and experiences a 21st Century Christmas.','80113627.jpg',0,6.4,NULL,NULL,NULL,90,'tt13341414','2020-11-15','2008-03-27 15:58:29','2008-03-27 15:58:29',NULL),
	(26,13,'110415','Snowpiercer : Le Transperceneige','2031. Nouvelle ère glaciaire. Le dernier refuge de l\'humanité est un train.','In a future where a failed global-warming experiment kills off most life on the planet, a class system evolves aboard the Snowpiercer, a train that travels around the globe via a perpetual-motion engine.','80177458.jpg',0,6.9,39200000,86758912,NULL,126,'tt1706620','2013-08-01','2019-12-24 20:42:18','2019-12-24 20:42:18',NULL),
	(27,3,'665251','Altered Carbon : Resleeved','Quand tout est éphémère, l\'honneur est éternel','On the planet Latimer, Takeshi Kovacs must protect a tattooist while investigating the death of a yakuza boss alongside a no-nonsense CTAC.','80097140.jpg',0,6.5,NULL,NULL,'https://www.netflix.com/title/81001991',74,'tt9310328','2020-03-19','2007-06-06 12:27:31','2007-06-06 12:27:31',NULL),
	(28,1,'653349','Nos pires amis','Certains souvenirs de vacances prennent de la place.','When a straight-laced couple that has fun with a rowdy couple on vacation in Mexico return to the States, they discover that the crazy couple they met in Mexico followed them back home and decide to play tricks on them.','70153404.jpg',0,7.2,NULL,NULL,'https://www.hulu.com/movie/c5fec97e-4c47-4b46-b19f-c246d461f6d0',103,'tt3626476','2021-08-27','2020-10-14 23:08:12','2020-10-14 23:08:12',NULL),
	(29,4,'874005','La Guerre des hypers ou La Loi du plus fort',NULL,'This film tells the story of the economic war between the four main companies of the large retailers. This war symbolizes the transformation of the economy of the consumption over the last 50 years. It also questions the present and future stakes: how to imagine the 21th century\'s consumption style.','80061132.jpg',0,7.0,NULL,NULL,'https://lesbatelieresproductions.com/films/guerre-des-hypers',70,'tt8260032','2018-02-21','2017-10-11 05:09:25','2017-10-11 05:09:25',NULL),
	(30,1,'473812','Jerry Before Seinfeld',NULL,'Jerry Seinfeld returns to the club that gave him his start in the 1970s, mixing iconic jokes with stories from his childhood and early days in comedy.','70153373.jpg',0,6.9,NULL,NULL,'https://www.netflix.com/title/80163156',62,'tt7310906','2017-09-19','2000-04-15 11:12:37','2000-04-15 11:12:37',NULL),
	(31,1,'396830','The IT Crowd Manual',NULL,'This behind-the-scenes documentary features interviews with the creators and cast of the cult comedy \"The IT Crowd\", plus chats with celebrity fans.','70140450.jpg',0,8.2,NULL,NULL,NULL,49,'tt4356698','2014-01-04','2016-10-28 06:19:10','2016-10-28 06:19:10',NULL),
	(32,1,'266856','Une merveilleuse histoire du temps','L\'histoire extraordinaire de Jane et Stephen Hawking.','The Theory of Everything is the extraordinary story of one of the world’s greatest living minds, the renowned astrophysicist Stephen Hawking, who falls deeply in love with fellow Cambridge student Jane Wilde.','80000644.jpg',0,7.9,15000000,123726688,'http://www.focusfeatures.com/the_theory_of_everything',123,'tt2980516','2014-11-26','2016-12-01 00:11:08','2016-12-01 00:11:08',NULL),
	(33,1,'23082','Mytho-Man !',NULL,'Set in a world where the concept of lying doesn\'t exist, a loser changes his lot when he invents lying and uses it to get ahead.','70105370.jpg',0,6.2,18500000,32406507,'http://the-invention-of-lying.warnerbros.com/',100,'tt1058017','2009-09-13','2001-07-22 10:51:29','2001-07-22 10:51:29',NULL),
	(34,1,'2270','Stardust, le mystère de l\'étoile',NULL,'In a countryside town bordering on a magical land, a young man makes a promise to his beloved that he\'ll retrieve a fallen star by venturing into the magical realm. His journey takes him into a world beyond his wildest dreams and reveals his true identity.','70054920.jpg',0,7.2,70000000,135560026,'http://www.stardustmovie.com',122,'tt0486655','2007-08-09','2014-03-09 15:31:33','2014-03-09 15:31:33',NULL),
	(35,1,'509','Coup de foudre à Notting Hill','La plus grande des stars peut-elle tomber amoureuse de monsieur Tout-le-monde ?','William Thacker is a London bookstore owner whose humdrum existence is thrown into romantic turmoil when famous American actress Anna Scott appears in his shop. A chance encounter over spilled orange juice leads to a kiss that blossoms into a full-blown affair. As the average bloke and glamorous movie star draw closer and closer together, they struggle to reconcile their radically different lifestyles in the name of love.','21304015.jpg',0,7.2,42000000,363889678,'http://www.notting-hill.com/',130,'tt0125439','1999-05-21','2020-06-16 06:43:48','2020-06-16 06:43:48',NULL),
	(36,1,'3638','Le Goût de la vie','Quelle est la recette du bonheur ?','Master chef Kate Armstrong runs her life and her kitchen with intimidating intensity. However, a recipe for disaster may be in the works when she becomes the guardian of her young niece while crossing forks with the brash sous-chef who just joined her staff. Though romance blooms in the face of rivalry, Kate needs to look outside the kitchen to find true happiness.','70058017.jpg',0,6.5,28000000,92601050,'http://noreservationsmovie.warnerbros.com/',103,'tt0481141','2007-06-15','2021-01-05 23:23:04','2021-01-05 23:23:04',NULL),
	(37,1,'332562','A Star Is Born',NULL,'Seasoned musician Jackson Maine discovers — and falls in love with — struggling artist Ally. She has just about given up on her dream to make it big as a singer — until Jack coaxes her into the spotlight. But even as Ally\'s career takes off, the personal side of their relationship is breaking down, as Jack fights an ongoing battle with his own internal demons.','80221908.jpg',0,7.5,36000000,433888866,'http://astarisbornmovie.com',135,'tt1517451','2018-10-03','2008-02-26 12:04:16','2008-02-26 12:04:16',NULL),
	(38,1,'43485','Nuit et Jour',NULL,'Swellegant and elegant. Delux and delovely. Cole Porter was the most sophisticated name in 20th-century songwriting. And to play him on screen, Hollywood chose debonair icon Cary Grant. Grant stars for the first time in color in this fanciful biopic. Alexis Smith plays Linda, whose serendipitous meetings with Cole lead to a meeting at the alter. More than 20 Porter songs grace this tail of triumph and tragedy, with Grand lending is amiable voice to \"You\'re the Top\", \"Night and Day\" and more. Monty Wooley, a Yale contemporary of Porter, portrays himself. And Jane Wyman, Mary Martin, Eve Arden and others provide vocals and verve. Lights down. Curtain up. Standards embraced by generations are yours to enjoy in \"Night and Day.\"','70127226.jpg',0,5.5,NULL,NULL,NULL,128,'tt0038776','1946-07-02','2015-04-15 20:57:43','2015-04-15 20:57:43',NULL),
	(39,1,'2642','L\'Amour sans préavis','Fini. Terminé. Définitivement. Une comédie sur l\'amour au premier regard...','Dedicated environmental lawyer Lucy Kelson goes to work for billionaire George Wade as part of a deal to preserve a community center. Indecisive and weak-willed George grows dependent on Lucy\'s guidance on everything from legal matters to clothing. Exasperated, Lucy gives notice and picks Harvard graduate June Carter as her replacement. As Lucy\'s time at the firm nears an end, she grows jealous of June and has second thoughts about leaving George.','60024940.jpg',0,6.3,60000000,199043242,NULL,101,'tt0313737','2002-12-19','2016-07-05 09:13:41','2016-07-05 09:13:41',NULL),
	(40,1,'512200','Jumanji : Next Level','Bienvenue à Jumanji !','As the gang return to Jumanji to rescue one of their own, they discover that nothing is as they expect. The players will have to brave parts unknown and unexplored in order to escape the world’s most dangerous game.','81161789.jpg',0,7.0,125000000,800059707,'https://www.sonypictures.fr/movie/jumanji-next-level',123,'tt7975244','2019-12-04','2004-11-08 20:36:51','2004-11-08 20:36:51',NULL),
	(41,1,'353491','La tour sombre','Il existe d\'autres mondes que celui-ci','A boy haunted by visions of a parallel world aids its disillusioned guardian in preventing the destruction of the nexus of universes known as the Dark Tower.','80133493.jpg',0,5.7,60000000,113231078,'http://thedarktower-movie.com',95,'tt1648190','2017-08-03','2019-10-22 17:57:05','2019-10-22 17:57:05',NULL),
	(42,1,'137113','Edge of Tomorrow','Vivre. Mourir. Recommencer.','Major Bill Cage is an officer who has never seen a day of combat when he is unceremoniously demoted and dropped into combat. Cage is killed within minutes, managing to take an alpha alien down with him. He awakens back at the beginning of the same day and is forced to fight and die again... and again - as physical contact with the alien has thrown him into a time loop.','70298735.jpg',0,7.6,178000000,370541256,'http://www.edgeoftomorrowmovie.com/',108,'tt1631867','2014-05-27','2001-06-17 06:26:50','2001-06-17 06:26:50',NULL),
	(43,1,'333339','Ready Player One','Une aventure trop grande pour le monde réel.','When the creator of a popular video game system dies, a virtual contest is created to compete for his fortune.','80211726.jpg',0,7.6,175000000,582890172,'http://readyplayeronemovie.com',140,'tt1677720','2018-03-28','2011-03-01 05:59:32','2011-03-01 05:59:32',NULL),
	(44,1,'338970','Tomb Raider','Sa légende commence.','Lara Croft, the fiercely independent daughter of a missing adventurer, must push herself beyond her limits when she finds herself on the island where her father disappeared.','80209042.jpg',0,6.4,94000000,274650803,'http://www.tombraidermovie.com/',118,'tt1365519','2018-03-05','2014-11-11 08:37:27','2014-11-11 08:37:27',NULL),
	(45,1,'791373','Zack Snyder\'s Justice League','La légion s\'unira.','Determined to ensure Superman\'s ultimate sacrifice was not in vain, Bruce Wayne aligns forces with Diana Prince with plans to recruit a team of metahumans to protect the world from an approaching threat of catastrophic proportions.','80187362.jpg',0,8.3,70000000,657000000,'https://www.hbomax.com/zacksnydersjusticeleague',242,'tt12361974','2021-03-18','2007-12-24 04:10:20','2007-12-24 04:10:20',NULL),
	(46,1,'624860','Matrix Resurrections','Retour à la source.','Plagued by strange memories, Neo\'s life takes an unexpected turn when he finds himself back inside the Matrix.','20557937.jpg',0,6.9,190000000,148000000,'https://www.whatisthematrix.com',148,'tt10838180','2021-12-16','2002-03-13 11:10:06','2002-03-13 11:10:06',NULL),
	(47,1,'561','Constantine','L\'enfer et le paradis se sont lancés un défi. Il se joue sur Terre...','John Constantine has literally been to Hell and back. When he teams up with a policewoman to solve the mysterious suicide of her twin sister, their investigation takes them through the world of demons and angels that exists beneath the landscape of contemporary Los Angeles.','70019508.jpg',0,7.0,100000000,230884728,'http://constantinemovie.warnerbros.com/',121,'tt0360486','2005-02-08','2011-04-03 00:06:31','2011-04-03 00:06:31',NULL);

/*!40000 ALTER TABLE `movies` ENABLE KEYS */;
UNLOCK TABLES;


# Dump of table seasons
# ------------------------------------------------------------

DROP TABLE IF EXISTS `seasons`;

CREATE TABLE `seasons` (
  `id` int(11) unsigned NOT NULL AUTO_INCREMENT,
  `show_id` int(11) unsigned NOT NULL,
  `ref` varchar(11) CHARACTER SET utf8mb4 COLLATE utf8mb4_general_ci NOT NULL DEFAULT '',
  `title` varchar(255) CHARACTER SET utf8mb4 COLLATE utf8mb4_general_ci DEFAULT NULL,
  `description` text CHARACTER SET utf8mb4 COLLATE utf8mb4_general_ci,
  `order` int(11) unsigned NOT NULL,
  `released_at` date DEFAULT NULL,
  `created_at` timestamp NULL DEFAULT CURRENT_TIMESTAMP,
  `updated_at` timestamp NULL DEFAULT CURRENT_TIMESTAMP,
  PRIMARY KEY (`id`),
  KEY `seasons_shows` (`show_id`),
  CONSTRAINT `seasons_shows` FOREIGN KEY (`show_id`) REFERENCES `shows` (`id`) ON DELETE CASCADE
) ENGINE=InnoDB AUTO_INCREMENT=31 DEFAULT CHARSET=utf8mb4 COLLATE=utf8mb4_general_ci;

LOCK TABLES `seasons` WRITE;
/*!40000 ALTER TABLE `seasons` DISABLE KEYS */;

INSERT INTO `seasons` (`id`, `show_id`, `ref`, `title`, `description`, `order`, `released_at`, `created_at`, `updated_at`)
VALUES
	(1,1,'167141','Saison 1',NULL,1,'2022-01-14','2018-05-18 16:02:56','2018-05-18 16:02:56'),
	(2,2,'152254','Saison 1','Un an après l\'éruption d\'un volcan sous-glaciaire, la fonte des glaces révèle des éléments préhistoriques mystérieux aux répercussions inattendues.',1,'2021-06-17','2021-11-19 11:30:46','2021-11-19 11:30:46'),
	(3,3,'159799','Épisodes spéciaux','Épisodes spéciaux.',0,'2020-08-18','2012-01-25 03:07:23','2012-01-25 03:07:23'),
	(4,3,'95084','Saison 1','En 1989, le même jour, quarante-trois bébés sont inexplicablement nés de femmes qui n\'étaient pas enceintes et que rien ne relie. Sir Reginald Hargreeves, un industriel milliardaire, adopte sept de ces enfants et crée The Umbrella Academy pour les préparer à sauver le monde. Mais tout ne se déroule pas comme prévu. Les enfants devenus adolescents, la famille se désagrège et l\'équipe est dispersée. Les six membres toujours en vie, désormais trentenaires, se retrouvent à l\'occasion de la mort de Hargreeves. Luther, Diego, Allison, Klaus, Vanya et Numéro Cinq travaillent ensemble pour résoudre le mystère qui entoure la mort de leur père. La famille désunie se sépare cependant de nouveau, incapable de gérer des personnalités et des pouvoirs trop différents, sans même parler de l\'apocalypse qui menace...',1,'2019-02-15','2017-07-20 15:40:19','2017-07-20 15:40:19'),
	(5,3,'151209','Saison 2','Adultes super-dysfonctionnels après avoir été des enfants super-héros, ils ont huit jours pour empêcher la fin du monde.',2,'2020-07-31','2008-04-22 06:21:16','2008-04-22 06:21:16'),
	(6,3,'238485','Saison 3',NULL,3,NULL,'2002-06-17 20:12:56','2002-06-17 20:12:56'),
	(7,4,'3732','Épisodes spéciaux',NULL,0,NULL,'2001-09-22 23:35:08','2001-09-22 23:35:08'),
	(8,4,'3738','Saison 1',NULL,1,'2007-09-24','2007-08-15 03:51:09','2007-08-15 03:51:09'),
	(9,4,'3733','Saison 2',NULL,2,'2008-09-22','2016-06-13 10:43:53','2016-06-13 10:43:53'),
	(10,4,'3734','Saison 3',NULL,3,'2009-09-21','2016-03-16 01:51:03','2016-03-16 01:51:03'),
	(11,4,'3735','Saison 4',NULL,4,'2010-09-23','2010-03-19 00:11:06','2010-03-19 00:11:06'),
	(12,4,'3736','Saison 5',NULL,5,'2011-09-22','2017-05-09 11:52:17','2017-05-09 11:52:17'),
	(13,4,'3737','Saison 6',NULL,6,'2012-09-27','2016-03-01 17:56:44','2016-03-01 17:56:44'),
	(14,4,'3739','Saison 7',NULL,7,'2013-09-26','2007-07-28 00:05:36','2007-07-28 00:05:36'),
	(15,4,'62016','Saison 8',NULL,8,'2014-09-22','2001-04-13 04:11:17','2001-04-13 04:11:17'),
	(16,4,'70493','Saison 9',NULL,9,'2015-09-21','2001-09-14 09:21:38','2001-09-14 09:21:38'),
	(17,4,'80035','Saison 10',NULL,10,'2016-09-19','2003-04-10 02:16:35','2003-04-10 02:16:35'),
	(18,4,'91000','Saison 11',NULL,11,'2017-09-25','2009-09-24 09:57:46','2009-09-24 09:57:46'),
	(19,4,'107083','Saison 12',NULL,12,'2018-09-24','2002-04-02 03:19:56','2002-04-02 03:19:56'),
	(20,5,'71380','Saison 1','Mathias, Andréa, Gabriel et Arlette sont les quatre piliers de la prestigieuse agence de comédiens ASK. Ils forment une famille professionnelle talentueuse, sous l’autorité paternelle du fondateur de l’agence, Samuel Kerr. Sa mort soudaine fait vaciller ce fragile équilibre. Vont-ils réussir à sauver l’agence et à relever le défi que leur posent leurs \"stars\" ?',1,'2015-10-14','2014-07-23 22:33:30','2014-07-23 22:33:30'),
	(21,5,'87539','Saison 2','L’agence n’est pas sortie de ses difficultés financières et la situation est très préoccupante. Les agents cherchent un sauveur... Ce sera Hicham Janowski, jeune patron millionnaire qui vient de revendre son site de rencontres, qu’Andréa convainc d’investir chez ASK. Mais derrière la success-story, il y a un homme caractériel qui ne connaît rien au métier. Le soulagement est donc de courte durée ! Soumis aux pressions contradictoires de leur nouveau patron qui joue avec leurs nerfs, Andréa, Mathias, Gabriel et Arlette tentent de garder le contrôle de leur agence, de leurs clients hauts en couleurs… et surtout, de leurs vies personnelles toujours aussi chaotiques.',2,'2017-04-19','2013-06-11 05:35:14','2013-06-11 05:35:14'),
	(22,5,'111463','Saison 3','Les agents se rebiffent ! Andréa et Gabriel fomentent un possible départ en secret, tandis que Mathias aiguise ses armes pour s’imposer à la tête d’ASK. Continuant à jongler frénétiquement entre vie privée et professionnelle, nos agents vont mettre à l’épreuve leurs liens d’amitié et de solidarité… Et c’est en risquant l’explosion qu’ils vont réaliser à quel point ils ont besoin les uns des autres.',3,'2018-11-14','2009-01-13 07:27:56','2009-01-13 07:27:56'),
	(23,5,'155488','Saison 4','Quatre mois ont passé et Andréa a enfilé le costume de Directrice Générale. Le pouvoir lui plait, mais l\'absorbe totalement car ASK est à nouveau en situation périlleuse avec le départ potentiel de tous les talents de Mathias. Mathias et Noémie réservent une surprise sur leur destin après ASK et tous les agents sont en embuscade. Du coté des jeunes, Camille, désormais agent de Sofia, devra faire la part entre travail et amitié. Et les certitudes d’Hervé vont éclater quand il se verra proposé de passer devant la caméra.',4,'2020-10-21','2008-06-21 18:13:27','2008-06-21 18:13:27'),
	(24,6,'66624','Saison 1','L\'inauguration du service d\'urgence, le Chicago Medical Center, est interrompu par le déraillement d\'un train dont le nouveau médecin, Dr Connor Rhodes, était témoin. On en apprend un peu plus sur le passé du Dr Natalie Manning, qui révèle que son mari fut militaire et qu\'il a été tué alors qu\'elle venait d\'apprendre qu\'elle était enceinte. Maggie et April, les deux infirmières, organisent une baby shower pour le Dr Natalie Manning. Quant à Sarah Reese, la stagiaire d\'urgence, elle sauve la vie d\'une petite fille, ce qui la bouleverse.',1,'2015-11-17','2004-04-18 14:28:02','2004-04-18 14:28:02'),
	(25,6,'79671','Saison 2','Alors que le Dr Rhodes connaît des débuts chaotiques avec son nouveau patron, le Dr Choi effectue ses premiers pas en tant que chef des résidents. Le Dr Charles fait une proposition intéressante et surprenante à Sarah tandis qu\'April apprend petit à petit à accepter sa maladie récemment découverte. Pendant ce temps, le Dr Halstead favorise le nouveau venu Jeff Clarke et Sharon Goodwin fait tout son possible pour avancer après le départ de Bert...',2,'2016-09-22','2005-05-19 02:07:03','2005-05-19 02:07:03'),
	(26,6,'94595','Saison 3',NULL,3,'2017-11-21','2020-04-13 23:30:06','2020-04-13 23:30:06'),
	(27,6,'105456','Saison 4',NULL,4,'2018-09-26','2021-01-24 10:54:53','2021-01-24 10:54:53'),
	(28,6,'126165','Saison 5',NULL,5,'2019-09-25','2011-08-28 21:05:18','2011-08-28 21:05:18'),
	(29,6,'160632','Saison 6',NULL,6,'2020-11-11','2011-04-15 21:21:23','2011-04-15 21:21:23'),
	(30,6,'202462','Saison 7',NULL,7,'2021-09-22','2020-11-15 23:36:50','2020-11-15 23:36:50');

/*!40000 ALTER TABLE `seasons` ENABLE KEYS */;
UNLOCK TABLES;


# Dump of table shows
# ------------------------------------------------------------

DROP TABLE IF EXISTS `shows`;

CREATE TABLE `shows` (
  `id` int(11) unsigned NOT NULL AUTO_INCREMENT,
  `original_language_id` int(11) unsigned DEFAULT NULL,
  `ref` varchar(255) CHARACTER SET utf8mb4 COLLATE utf8mb4_general_ci NOT NULL DEFAULT '',
  `title` varchar(255) CHARACTER SET utf8mb4 COLLATE utf8mb4_general_ci NOT NULL DEFAULT '',
  `tagline` varchar(255) CHARACTER SET utf8mb4 COLLATE utf8mb4_general_ci DEFAULT NULL,
  `description` text CHARACTER SET utf8mb4 COLLATE utf8mb4_general_ci,
  `img` varchar(255) CHARACTER SET utf8mb4 COLLATE utf8mb4_general_ci NOT NULL DEFAULT '',
  `adult` tinyint(1) NOT NULL,
  `url` varchar(255) CHARACTER SET utf8mb4 COLLATE utf8mb4_general_ci DEFAULT NULL,
  `released_at` date DEFAULT NULL,
  `created_at` timestamp NOT NULL DEFAULT CURRENT_TIMESTAMP,
  `updated_at` timestamp NOT NULL DEFAULT CURRENT_TIMESTAMP,
  `deleted_at` timestamp NULL DEFAULT NULL,
  PRIMARY KEY (`id`),
  KEY `shows_original_languages` (`original_language_id`),
  CONSTRAINT `shows_original_languages` FOREIGN KEY (`original_language_id`) REFERENCES `languages` (`id`) ON DELETE SET NULL
) ENGINE=InnoDB AUTO_INCREMENT=7 DEFAULT CHARSET=utf8mb4 COLLATE=utf8mb4_general_ci;

LOCK TABLES `shows` WRITE;
/*!40000 ALTER TABLE `shows` DISABLE KEYS */;

INSERT INTO `shows` (`id`, `original_language_id`, `ref`, `title`, `tagline`, `description`, `img`, `adult`, `url`, `released_at`, `created_at`, `updated_at`, `deleted_at`)
VALUES
	(1,1,'112314','Archive 81',NULL,'An archivist takes a job restoring damaged videotapes and gets pulled into the vortex of a mystery involving the missing director and a demonic cult.','80222802.jpg',0,'https://www.netflix.com/title/80222802','2022-01-14','2003-11-07 11:05:30','2003-11-07 11:05:30',NULL),
	(2,16,'104157','Katla',NULL,'A year after a subglacial volcano erupts, mysterious elements from prehistoric times emerge from the melting ice, bringing unforeseen consequences.','81133094.jpg',0,'https://www.netflix.com/title/81133094','2021-06-17','2018-06-24 22:35:31','2018-06-24 22:35:31',NULL),
	(3,1,'75006','Umbrella Academy','Famille. Super. Névrosée.','A dysfunctional family of superheroes comes together to solve the mystery of their father\'s death, the threat of the apocalypse and more.','80186863.jpg',0,'https://www.netflix.com/title/80186863','2019-02-15','2019-10-08 11:19:38','2019-10-08 11:19:38',NULL),
	(4,1,'1418','The Big Bang Theory',NULL,'The sitcom is centered on five characters living in Pasadena, California: roommates Leonard Hofstadter and Sheldon Cooper; Penny, a waitress and aspiring actress who lives across the hall; and Leonard and Sheldon\'s equally geeky and socially awkward friends and co-workers, mechanical engineer Howard Wolowitz and astrophysicist Raj Koothrappali. The geekiness and intellect of the four guys is contrasted for comic effect with Penny\'s social skills and common sense.','70143830.jpg',0,'http://www.cbs.com/shows/big_bang_theory/','2007-09-24','2006-08-23 17:34:38','2006-08-23 17:34:38',NULL),
	(5,4,'64165','Dix pour cent',NULL,'At a top Paris talent firm, agents scramble to keep their star clients happy—and their business afloat—after an unexpected crisis.','80133335.jpg',0,NULL,'2015-10-14','2008-07-16 20:23:16','2008-07-16 20:23:16',NULL),
	(6,1,'62650','Chicago Med','Ils entrent en scène quand la crise frappe.','An emotional thrill ride through the day-to-day chaos of the city\'s most explosive hospital and the courageous team of doctors who hold it together. They will tackle unique new cases inspired by topical events, forging fiery relationships in the pulse-pounding pandemonium of the emergency room.','80061157.jpg',0,'http://www.nbc.com/chicago-med','2015-11-17','2019-07-08 08:05:00','2019-07-08 08:05:00',NULL);

/*!40000 ALTER TABLE `shows` ENABLE KEYS */;
UNLOCK TABLES;



/*!40111 SET SQL_NOTES=@OLD_SQL_NOTES */;
/*!40101 SET SQL_MODE=@OLD_SQL_MODE */;
/*!40014 SET FOREIGN_KEY_CHECKS=@OLD_FOREIGN_KEY_CHECKS */;
/*!40101 SET CHARACTER_SET_CLIENT=@OLD_CHARACTER_SET_CLIENT */;
/*!40101 SET CHARACTER_SET_RESULTS=@OLD_CHARACTER_SET_RESULTS */;
/*!40101 SET COLLATION_CONNECTION=@OLD_COLLATION_CONNECTION */;
